plastic;freq;channel;snr_median_linear;snr_median_dB;snr_min_dB;signal_mV;own_noise_mV;n_windows
A;100.0;HG;7.468026995104408;17.464117582979735;15.093365546438879;30.029474323809552;3.996852611464581;639
A;100.0;LG;0.4645222373518242;-6.659869817345431;-6.788489173721773;0.22731100000000018;0.47457770185998605;639
A;110.0;HG;0.6451159978316703;-3.807243763456181;-7.875680586836939;0.2243210028792063;0.3551315587737139;662
A;110.0;LG;8.088931303631062;18.157822942518653;16.235205074585576;49.93963527380956;4.975188301769689;662
A;120.0;HG;0.6968500733337764;-3.137212998377193;-6.022973008772071;0.2569523904761907;0.34621089596226595;640
A;120.0;LG;3.646778595265054;11.238187940948004;8.88359736727413;32.32351400000003;11.225706117507602;640
A;130.0;HG;0.6119381747676773;-4.265849064068018;-9.51980351631171;0.21139945454545472;0.35033890203307017;657
A;130.0;LG;17.791351282952625;25.004178694610427;21.477170788492018;32.27642371904764;1.8334411542055775;657
A;140.0;HG;0.41482141324352817;-7.642776665068133;-8.50656403212639;0.184286707995524;0.4093687585982322;645
A;140.0;LG;17.466617370438197;24.84417613103295;23.15793549133208;61.49141536190481;3.408105938337007;645
A;150.0;HG;0.440151733433456;-7.127951668765565;-8.275858215533656;0.1842891798006192;0.41852165864576346;628
A;150.0;LG;13.828022341766909;22.81520145110459;20.919633024118017;51.97289110822515;4.545423879682817;628
A;160.0;HG;0.4691020746538113;-6.574652926701271;-8.3837189949839;0.18633608588047634;0.39934385440488507;643
A;160.0;LG;19.719588933441663;25.897957151456094;23.23827797060636;28.99727300000002;1.5773407342393342;643
A;170.0;HG;0.4379207157449559;-7.172090202303859;-8.25555422883985;0.18445157438839835;0.41882658872264666;624
A;170.0;LG;18.732188169002;25.451770234334926;23.817373717616583;16.390521216666677;0.7916715265899775;624
A;180.0;HG;0.46172124133977555;-6.712402908177828;-9.538135066352229;0.18341895410847636;0.41535355462142687;632
A;180.0;LG;7.476977889358224;17.474521927380795;15.264101812103446;15.244083011904774;2.0877077216313276;632
A;190.0;HG;0.39013791740424786;-8.175636773349934;-8.743429381317329;0.18253943760800015;0.42631242115928975;641
A;190.0;LG;8.376763416631938;18.461524998349773;15.232041427466347;10.59467097142858;1.278717796904702;641
A;200.0;HG;0.5376318076513563;-5.390300904783056;-6.708855378156224;0.2313819052380478;0.42908947791540664;629
A;200.0;LG;2.3685643357703112;7.489703713646532;5.314984970853816;3.1361367642857165;1.2408414467607214;629
A;210.0;HG;0.4553837341785645;-6.83244971959335;-8.953299768267893;0.19662794410437234;0.4354861047112084;629
A;210.0;LG;8.371175449298361;18.455728885795246;17.42863161565211;6.62827588528139;0.808963142570353;629
A;220.0;HG;0.42065420479011995;-7.521495311811827;-8.135753165156602;0.17652809090909105;0.43368790335511836;632
A;220.0;LG;9.195243638178379;19.271264816810152;18.532916128420666;5.74963223593074;0.6646011457482917;632
A;230.0;HG;49.567423937553926;33.90392697653893;16.882920663818123;898.8930720343922;17.470857162410645;640
A;230.0;LG;1.9797956675491875;5.932407390734616;5.260680163158532;1.0948032099567109;0.5692266422560041;640
A;240.0;HG;0.6030707324391815;-4.392634954327885;-6.425568646960455;0.2520930656196539;0.43221350940195447;632
A;240.0;LG;6.856815609803183;16.722449415669704;15.74709228227924;3.8919021476190503;0.5544385065126229;632
A;250.0;HG;47.34994775590874;33.506390083118234;10.016361021262936;334.8361524848487;7.96510954373278;628
A;250.0;LG;2.3654926951511124;7.478432224944175;5.57516833458359;1.412700313852815;0.5604503092120401;628
A;260.0;HG;0.5194516847156657;-5.689096817273201;-6.475381664438883;0.2467820682945716;0.4149625649971045;639
A;260.0;LG;6.981064740552919;16.87843331115067;14.876717897989348;3.7590619833333365;0.6007542489417935;639
A;270.0;HG;0.5169954025684301;-5.730266377890564;-7.596253689332849;0.22905613810633352;0.4289531768284645;631
A;270.0;LG;4.896762769682372;13.79818129084626;10.811446065227306;3.0135491601731617;0.5700550729853496;631
A;280.0;HG;0.48333687453297147;-6.315001411714649;-7.752348056659752;0.2017350317276192;0.41886832104324195;630
A;280.0;LG;3.8203779559960194;11.64212660945765;10.631050982015065;2.393081489177491;0.6118266887899163;630
A;290.0;HG;27.67497100060872;28.84174348945625;10.05885516676038;601.7499178809528;18.27959469954664;628
A;290.0;LG;2.2822494353745197;7.167262166120044;2.9654579789246434;1.1330668809523818;0.4983297329034669;628
A;300.0;HG;0.5085685511986303;-5.8730099836065435;-6.888014734029328;0.20875774608880965;0.4262567025332864;630
A;300.0;LG;4.391460292473168;12.852179204416919;11.389602249632143;2.6760972164502186;0.6056580957958935;630
A;310.0;HG;45.7827942357058;33.214045903998674;18.743686486477248;725.4705134090915;18.348052009405606;630
A;310.0;LG;1.6613814635524942;4.409387212487153;3.073123212699586;0.9481951619047626;0.5096907793707393;630
A;320.0;HG;69.72348895364073;36.86758222033746;24.289348595166555;538.5632336809529;7.019703302273493;635
A;320.0;LG;1.997960514604838;6.011738021556196;4.440630580026527;1.1202772809523818;0.5530017523310097;635
A;330.0;HG;74.88556679668565;37.487962424862765;31.722038246499082;774.995807328572;9.715834981352135;633
A;330.0;LG;1.6890314933650008;4.552754948402086;3.8509476584755715;0.9909514199134206;0.5531636424934264;633
A;340.0;HG;60.341618930283694;35.61233915723578;32.45759524771744;406.66323174761936;6.7269863135088634;632
A;340.0;LG;0.985782878949941;-0.12437457860936003;-2.67672531395955;0.48485251904761933;0.5225955828422914;632
A;350.0;HG;51.34429421206198;34.20984376688466;31.87560423632266;535.3211915454549;10.502931772755513;631
A;350.0;LG;1.014319251841238;0.12349336998802923;-0.5268204618872414;0.6511211212121216;0.5812935998005555;631
A;360.0;HG;63.724050932169405;36.086067521353804;33.41796285290971;461.95969884047645;7.428984135051061;630
A;360.0;LG;0.8538082215407428;-1.3727933515553246;-2.3081228717127837;0.5401346320346325;0.6341496904952489;630
A;370.0;HG;33.67494036154456;30.54613670516844;29.745984008661633;350.8284616357145;10.492017565826618;633
A;370.0;LG;0.9966376682663893;-0.029254050883373024;-4.218311423310856;0.4729349309523813;0.48978783366431033;633
A;380.0;HG;41.09208759138515;32.275164103596644;31.02890029132135;291.96099382857165;7.298186251153583;635
A;380.0;LG;0.7225372260048234;-2.8227954522034366;-4.190716026247738;0.38747525714285747;0.5199574094274789;635
A;390.0;HG;71.40924162491939;37.07508841675049;34.63757590437342;598.3442908595242;9.293790711922654;634
A;390.0;LG;1.3857197055783042;2.8335078575903356;0.9840942729318347;0.6578066880952386;0.5271337227628683;634
A;400.0;HG;49.837302624265696;33.9510905738657;33.12128730162335;286.17358530303056;6.03086863626973;623
A;400.0;LG;0.6467385515152753;-3.785425007396492;-4.301127650759005;0.3567426103896107;0.5401262673048569;623
A;410.0;HG;55.94763547253318;34.95563473134246;33.21957039232541;367.63023982539715;6.7813035089175475;640
A;410.0;LG;0.810183002325777;-1.8283374514750985;-2.2885400446830615;0.41954688095238124;0.5347976707800794;640
A;420.0;HG;38.688239051159314;31.75157925311244;29.04631243902451;190.06793025396843;5.647929966834378;637
A;420.0;LG;0.5764425210673354;-4.784879822122856;-6.348241880363782;0.2900976166666669;0.5055805666262403;637
A;430.0;HG;28.361780496911763;29.054669830440215;28.284947020973036;210.61099201082266;5.798120467175087;612
A;430.0;LG;0.5691522578046213;-4.89543073962593;-6.470067413089552;0.2993994166666669;0.5380851335736361;612
A;440.0;HG;31.889677139831676;30.073002446885326;28.01377722663662;167.64042595952395;5.614321186430352;649
A;440.0;LG;0.5338797498875887;-5.451131033258171;-5.662214744124094;0.27062216428571445;0.5134746912185952;649
A;450.0;HG;29.259566580730763;29.325357773454257;28.56286114374241;200.36190739177505;6.617261086760626;620
A;450.0;LG;0.4728149837555422;-6.506175377762831;-7.220104636202094;0.2613468484848487;0.5384821253884967;620
A;460.0;HG;30.243493897600025;29.612639237110173;28.104494638549564;167.0183742640694;5.4741789365921765;619
A;460.0;LG;0.4895864518869304;-6.2034121747726365;-7.356940100965424;0.26425369047619063;0.5022287391689264;619
A;470.0;HG;18.729135513224698;25.45035463933523;21.29552842997921;97.89225811688317;5.337022461252298;639
A;470.0;LG;0.4569909883209383;-6.801847279175313;-8.127226545996598;0.23428728571428586;0.5018813993666608;639
A;480.0;HG;22.59178119029575;27.079009461808017;25.61174349466771;114.02760285714292;5.330952331532106;616
A;480.0;LG;0.5017479479130343;-5.990287900949768;-9.110749301530758;0.26081833766233786;0.5034518596277566;616
A;490.0;HG;11.584481344377407;21.27753189015526;19.624877541383857;54.73645629870135;5.191440321232557;631
A;490.0;LG;0.4183682379139726;-7.56882588158711;-8.59435839733776;0.22937215584415602;0.48116467662350726;631
A;500.0;HG;18.071484078770318;25.139876389076722;24.740151105571492;100.89703422142864;5.611955344496809;622
A;500.0;LG;0.4604716030847132;-6.73594294469013;-8.81392315902431;0.2219730519480521;0.4940108537333022;622
A;510.0;HG;12.840410786001462;22.171578355092763;20.629852790857058;60.47694520476195;5.247285757730038;631
A;510.0;LG;0.4371996468444355;-7.18640395062121;-7.461752874174113;0.22091625108225124;0.5052492802733631;631
A;520.0;HG;13.452935013132493;22.576340885210175;22.319393896475276;73.3695138463204;5.325402737498178;609
A;520.0;LG;0.410386481541339;-7.7361390733583715;-7.961278345129227;0.22937224675324697;0.4981764657915829;609
A;530.0;HG;9.210336978230709;19.285510400047457;16.385506884480673;44.415763389610426;5.2734744775557045;618
A;530.0;LG;0.4208175203732766;-7.51812374005994;-10.980844592200194;0.20611791341991356;0.47357763625252114;618
A;540.0;HG;10.692548574976385;20.581624637630114;19.713939519063295;53.8543773636364;5.456989223744891;625
A;540.0;LG;0.41805994037086425;-7.57522891444974;-9.054262168676773;0.20189004761904775;0.4826479736963536;625
A;550.0;HG;9.166598415625579;19.244164110588272;18.797746325355217;47.891492534632064;5.166965648637181;617
A;550.0;LG;0.45239454481188046;-6.889652812879579;-7.902145044564715;0.2024184155844157;0.4885022094549875;617
A;560.0;HG;6.4431956442732226;16.182026373437154;12.947650323707759;33.088792489177514;5.283605015633027;615
A;560.0;LG;0.4166639892278569;-7.604280648662682;-9.678213332623619;0.19264092424242438;0.48984345660451156;615
A;570.0;HG;7.504774315975718;17.50675273291792;16.509967473525915;37.34092531904765;5.26733545261205;626
A;570.0;LG;0.46395026601653455;-6.670571438567167;-7.596298082090848;0.22760168095238112;0.500254834650348;626
A;580.0;HG;6.891121154708149;16.765797708665755;13.389603990170404;30.869536871428597;5.080913125887696;626
A;580.0;LG;0.4444723280963025;-7.043105442094553;-8.348693113368341;0.21917200952380966;0.4865087556652513;626
A;590.0;HG;6.063899732417991;15.655040231049878;14.385566248770662;29.78733867857145;5.259142672752105;640
A;590.0;LG;0.3894166311832402;-8.191710091919619;-8.391037739805311;0.21328572619047637;0.4800593463766429;640
B;100.0;HG;7.113690632302005;17.04189948405849;-5.900311054489755;26.348397551020426;3.538383974432241;641
B;100.0;LG;0.4700130344819181;-6.557801959367455;-6.73835026198377;0.2344811005291007;0.4640964376367941;641
B;110.0;HG;0.4199702951018023;-7.535628531546774;-8.165631908069322;0.18275959523809543;0.3814804641367584;652
B;110.0;LG;5.406828935509628;14.65885258648398;10.115850182458637;29.10104549523811;7.124713368977165;652
B;120.0;HG;0.48020679800205307;-6.371433923735502;-7.223471911206061;0.20114467619047632;0.38876137173922654;642
B;120.0;LG;6.027693996994246;15.603023934596793;11.110688175013593;83.57895893333338;17.092130951697825;642
B;130.0;HG;0.522322679070526;-5.641222336740794;-8.243079335849677;0.18864028227033347;0.3948677716372904;647
B;130.0;LG;12.949956731865232;22.24536634727427;20.368915576067796;36.02007962857145;2.5424442700905585;647
B;140.0;HG;0.45459791045265996;-6.847451296592498;-7.231599532186854;0.18254793384276202;0.4092688427752502;636
B;140.0;LG;13.901368257957163;22.861150965709136;21.99146623968536;74.69638460476196;5.457269676974861;636
B;150.0;HG;0.4364968801134574;-7.200377121841855;-8.237518475874593;0.17546529731194818;0.4091657675774614;618
B;150.0;LG;16.03475105833563;24.101244436732415;23.539687691098884;73.82297318614725;4.635998311690229;618
B;160.0;HG;0.4471087673983335;-6.991736278533592;-7.93209730723712;0.18344167724867744;0.4052920719841843;617
B;160.0;LG;15.316048153319647;23.702934461802542;20.460488911420768;29.47744249735452;1.8417759045072462;617
B;170.0;HG;0.4074134204276845;-7.799293383904554;-8.214183651282044;0.17044896764320358;0.4329343092327402;620
B;170.0;LG;17.252908270950158;24.737246265943092;23.44851245044993;20.939728147186166;1.2752150369780535;620
B;180.0;HG;0.4182106541119568;-7.57209815044852;-8.024023494121488;0.18921815151515167;0.425642163982613;640
B;180.0;LG;10.627276602227159;20.528439687152066;19.42394425639234;16.48150373544975;1.5836868217020008;640
B;190.0;HG;0.39979224757171755;-7.963312632045262;-9.194774252211102;0.1738675634753248;0.42160890186291583;619
B;190.0;LG;8.876671559721137;18.96500302227736;18.52912839070325;11.444828086580095;1.2156989960777675;619
B;200.0;HG;0.7079526572492213;-2.999915676229514;-5.652892976562699;0.2927833939393941;0.4705312535260978;629
B;200.0;LG;1.7264518175327195;4.7430892480140265;2.557819637722076;3.1255927532467553;1.6047222121378837;629
B;210.0;HG;0.4901584282839203;-6.1932705051915;-7.141283657145362;0.1929087340782685;0.42116452430482737;623
B;210.0;LG;14.932862945103977;23.4828615825832;21.09351569710942;9.50943404329005;0.6300290413042645;623
B;220.0;HG;0.44921534122865026;-6.950908409868802;-8.151389668905454;0.18181831255342007;0.40865767634024414;633
B;220.0;LG;11.106339050685817;20.911418546776236;20.50571094618247;8.989911216450224;0.7374667790764446;633
B;230.0;HG;8.559471482754438;18.648938986978592;-8.933421583469276;191.03721193506507;6.7011554255829875;622
B;230.0;LG;3.26832527336717;10.286505445571771;8.5504320590221;1.8732945692640706;0.582938593660167;622
B;240.0;HG;0.4324546880002075;-7.281187811724101;-8.442466279942343;0.17324808571428588;0.4077303138599858;630
B;240.0;LG;9.960766906214825;19.965855544207297;19.23346616457846;6.6105707424242475;0.6505239865801076;630
B;250.0;HG;22.170010772317028;26.91531808272883;24.409136728761244;703.9911781731607;29.688336560365027;622
B;250.0;LG;1.5221293902600983;3.649031433546683;0.8564125098735841;1.049351505291006;0.6109487504595066;622
B;260.0;HG;0.4632438515885905;-6.6838067230250235;-6.993945868274489;0.19765010311086598;0.42172054224219263;624
B;260.0;LG;9.066178238827536;19.14848505857944;17.962387686301756;5.360650759740263;0.624313648326519;624
B;270.0;HG;0.4851628767599213;-6.282248749477837;-7.688759839988335;0.19503861904761916;0.412211991514741;630
B;270.0;LG;5.647309732949691;15.036832155028097;13.60541816005041;2.8531766746031773;0.5388941788044929;630
B;280.0;HG;0.5195068019502246;-5.68817523624157;-7.179493577806012;0.21457852380952397;0.4096010853672293;623
B;280.0;LG;6.220230520161209;15.876129596642306;14.757062446796155;2.994787209956712;0.46366261221086436;623
B;290.0;HG;30.789796116020284;29.768136261999977;19.965934222379186;733.3959202645508;22.662096520846177;620
B;290.0;LG;1.6721802270022141;4.4656616746718845;3.7173707017156445;0.8693945411255417;0.5031895871135238;620
B;300.0;HG;0.5503969441913643;-5.186479719452076;-5.722604408336788;0.22778919480519494;0.409741189587072;624
B;300.0;LG;5.260663333408425;14.420810182981995;13.155079627126726;2.7027868225108245;0.5145561643651926;624
B;310.0;HG;0.4310242720073141;-7.309965459799957;-8.633428334173795;0.17957529100529113;0.4174819861101675;623
B;310.0;LG;3.40122360141301;10.632703680510996;8.834435769928962;1.7731423463203477;0.5108446400294187;623
B;320.0;HG;0.5212864375627961;-5.658471481442742;-7.83142688211643;0.2008213333333335;0.42094669055968514;621
B;320.0;LG;2.455028453271598;7.80113059742609;6.932334017538166;1.5036035584415595;0.5908462193002509;621
B;330.0;HG;9.755855211431905;19.785306924792085;-6.641398640061615;10.23093501058202;0.8437973398554173;622
B;330.0;LG;2.3712578161813873;7.4995755085625415;6.440108411885001;1.2208521580086586;0.5304109195985569;622
B;340.0;HG;70.00007304620655;36.90196986415596;34.4098578634692;653.0806457116407;9.031532754125394;622
B;340.0;LG;1.411770811671929;2.9952839724872815;1.5766158671647896;0.7790199100529107;0.4989887040481701;622
B;350.0;HG;37.43335944403936;31.46517608946365;28.779630193810238;359.5290282328045;9.601709868026319;624
B;350.0;LG;0.7735776735007984;-2.2299214614205862;-4.7490062902479515;0.44738152380952423;0.5116158297053022;624
B;360.0;HG;77.5076687461935;37.786893489968016;35.98514337725397;741.1938705844161;9.591045555855782;625
B;360.0;LG;1.4604569854461373;3.2897754061504934;1.7599773755051116;0.8329275757575764;0.5703764381577002;625
B;370.0;HG;52.84690592135555;34.4603913066181;32.6942754466553;339.55970401298725;6.6464730494362225;627
B;370.0;LG;0.7449117235394218;-2.5579038135243555;-5.1494959702022935;0.39144780423280456;0.5659829683878272;627
B;380.0;HG;49.846529926392854;33.95269860449838;31.769955440194995;298.50895413852834;5.78103028637989;626
B;380.0;LG;0.6596964762950671;-3.6131167131065793;-6.809401724031375;0.35779957142857177;0.5421310715349813;626
B;390.0;HG;65.9931445846039;36.38997646122745;35.2302574774302;566.5430420346324;7.459258924095002;612
B;390.0;LG;1.2683168125584698;2.0645549882680627;-1.912650770669092;0.6331518441558446;0.5260533781840714;612
B;400.0;HG;41.950648717225555;32.454773621355415;31.0548486164067;226.12765179894194;5.662176032455832;625
B;400.0;LG;0.5846003483013875;-4.662818604569062;-5.49109049832675;0.31845493121693147;0.5423035768564607;625
B;410.0;HG;43.18969972473349;32.70760369273759;32.426373089500885;252.61703212987032;5.962636563255155;637
B;410.0;LG;0.590320030821301;-4.578249599761609;-7.20550843569613;0.31551895670995694;0.5253769144694107;637
B;420.0;HG;36.0498811003911;31.138076733381244;28.695489152883646;225.1959532207794;5.8218164482180645;636
B;420.0;LG;0.5219362588164822;-5.6476506347652835;-6.864531291432831;0.3134048484848487;0.5293605467850684;636
B;430.0;HG;21.60342616210828;26.69045265755646;26.525250382837953;158.9208578030304;6.637927700770758;626
B;430.0;LG;0.44603490392734674;-7.012623095267495;-8.126355386080423;0.262668181818182;0.5625180933527227;626
B;440.0;HG;21.90831027701488;26.812177660144272;26.29650719526134;114.83093445454551;5.181147839501062;626
B;440.0;LG;0.4812169534801601;-6.353181613627078;-8.031675547424488;0.25256799470899494;0.5182382380885598;626
B;450.0;HG;27.318058607022216;28.728996648201594;27.51551355777122;145.30307375757585;5.311004488809303;625
B;450.0;LG;0.4790786240139285;-6.391864129482988;-8.641737892421206;0.2577354021164024;0.5165772233140976;625
B;460.0;HG;24.605441878357112;27.820623374891515;26.257709056194216;139.06510116450224;5.512071473452191;625
B;460.0;LG;0.4944573157672407;-6.1174238619976515;-7.824227689404352;0.2557975820105822;0.5142755205998137;625
B;470.0;HG;14.596585304425524;23.28502539391488;22.014211463239327;75.55700600865806;4.969629611368043;622
B;470.0;LG;0.4169029168113626;-7.599301327474141;-8.094190465219699;0.2219729610389612;0.50744094186041;622
B;480.0;HG;19.16651648780022;25.650863741546996;21.885168016720034;113.4198193030304;5.663369011159063;626
B;480.0;LG;0.4147098566530516;-7.6451128476191315;-9.305694131640958;0.2198591601731603;0.48118359317824644;626
B;490.0;HG;11.505331932934048;21.21798305472534;18.769120499862556;57.870135376190525;5.032531665640073;629
B;490.0;LG;0.4342805793410181;-7.244591829684499;-9.382905886464236;0.2121956926406928;0.480610666349658;629
B;500.0;HG;19.96537515633684;26.00554950302505;24.10913525000605;97.65442981385287;5.251431984429498;622
B;500.0;LG;0.43714437582983395;-7.187502094878396;-7.944834835082213;0.22990065800865828;0.5137606394549886;622
B;510.0;HG;14.268510765311234;23.087572944901762;20.970857427120755;62.745986354978406;5.029628107870303;628
B;510.0;LG;0.44713398759571815;-6.991246344788045;-7.940265860974303;0.22220801587301608;0.4985033769014333;628
B;520.0;HG;10.944600397555812;20.783998190066924;19.6793448143212;56.79974922077927;4.6841019618896285;631
B;520.0;LG;0.43919170190966733;-7.146917480853591;-8.161599230101212;0.21933046320346336;0.5012065883047491;631
B;530.0;HG;11.884665341869411;21.499739140340402;17.511390140206025;45.00769182251086;5.063700096524327;630
B;530.0;LG;0.4713059774258915;-6.533941043694673;-8.609270047145245;0.21985911688311707;0.46955853981884355;630
B;540.0;HG;10.401658274363712;20.342051635967216;18.652068732483027;50.34033159307362;5.20591390144872;628
B;540.0;LG;0.4530773874185397;-6.876552248555381;-8.005785924083641;0.21251868783068797;0.49131650491645656;628
B;550.0;HG;9.48862378074622;19.544064548294124;19.19820783613536;47.68775289177492;4.59120463505858;637
B;550.0;LG;0.4707889348821267;-6.54347506169128;-7.838653436603184;0.2176863862433864;0.4568017291171793;637
B;560.0;HG;6.830130444600438;16.688579961856668;16.162845823017676;32.33461229870133;4.908218273846391;633
B;560.0;LG;0.4162579089929044;-7.612750034308544;-8.29152802538257;0.2012144312169314;0.4671464761872867;633
B;570.0;HG;8.006920965797892;18.069310834443993;16.03907770127464;36.52221160317463;4.890965224610121;634
B;570.0;LG;0.45086368592901727;-6.919094856332584;-7.78418246615337;0.209817458874459;0.47028306225606537;634
B;580.0;HG;6.904480382783784;16.782620000418685;14.257160996770113;31.95672964935067;4.8646187534409115;633
B;580.0;LG;0.43318968685569226;-7.266437827406165;-7.452242069497887;0.22012333766233788;0.4682396899259005;633
B;590.0;HG;6.035404124955285;15.614127107099778;14.446059947106193;29.289881073593097;4.888392026363139;631
B;590.0;LG;0.4521572066450972;-6.894210856501886;-7.4833991677910525;0.2260028809523811;0.4783852132955342;631
C;100.0;HG;3.334845573822805;10.461514558218308;9.743339091228584;14.06944880952382;3.8601324172737668;651
C;100.0;LG;0.5360910654876088;-5.415228613627187;-6.730399792808201;0.2260028452380954;0.43064444826614295;651
C;110.0;HG;0.9866864440633746;-0.11641676926500669;-7.823005180951014;0.24852202380952398;0.27429690316207217;638
C;110.0;LG;7.0055668484337;16.908865630942344;12.396120566167;32.218869392857165;4.160152909857713;638
C;120.0;HG;0.833320215447827;-1.5837616506356136;-7.054806847040429;0.31028523936880975;0.30968552798077803;672
C;120.0;LG;15.421082592220044;23.762297263304845;13.354032674450307;53.50820490476194;3.9988439126325215;672
C;130.0;HG;0.9204429239793397;-0.7200627324300297;-6.252412540999428;0.2674394812292859;0.29829270022994414;679
C;130.0;LG;30.51273609039331;29.689623055294497;25.374187536251902;30.9355212261905;1.0809854367073193;679
C;140.0;HG;0.4756495781017857;-6.454257682671213;-8.866740072179233;0.19211499350649364;0.37141761083497654;655
C;140.0;LG;13.586811435057829;22.662350961526837;21.932066558961726;63.70232047619052;4.507152848460596;655
C;150.0;HG;0.4428991867547965;-7.073902343197513;-8.13722618641859;0.1984045833333335;0.39411008510130474;660
C;150.0;LG;15.234888743567115;23.65678574061093;23.188152138132626;67.5988735119048;3.1526565977026615;660
C;160.0;HG;0.5054510881367442;-5.926417283361346;-6.85696470798867;0.21916853333333353;0.37811811797286476;664
C;160.0;LG;15.507042582688351;23.810579589428478;22.098726456891672;27.278778360119066;1.4810897924075705;664
C;170.0;HG;0.45821073955128977;-6.778694720514098;-7.1787624746847065;0.21437479357702388;0.38675640717405535;649
C;170.0;LG;14.487081346231328;23.21961797456861;21.61984928024761;11.344623152380962;0.9020277643474269;649
C;180.0;HG;0.468629690244591;-6.583403998907402;-7.657729111614087;0.21160917142857158;0.39537031093151626;647
C;180.0;LG;20.91784158876273;26.410337395061006;22.65629376410942;15.808872323809535;0.7790317311207758;647
C;190.0;HG;0.41981641639221307;-7.538811657656785;-8.239622232634481;0.18108630952380966;0.4143749107903417;635
C;190.0;LG;13.812000006400162;22.805131397573174;21.33070896566484;10.821982147619057;0.7806233859989768;635
C;200.0;HG;16.481275374150997;24.339816315334524;-0.17001422998535795;131.4755996095239;3.0688115557392557;633
C;200.0;LG;2.5451811017521155;8.114373797843186;5.915400559384213;2.129805585714287;0.8266598299721919;633
C;210.0;HG;0.6690003654383002;-3.4914729000159173;-7.691663656038006;0.284289229446286;0.4128397328216366;637
C;210.0;LG;8.823704172992652;18.913018786941564;17.94142367543787;5.010144547619051;0.5563278315558655;637
C;220.0;HG;0.5098116758946399;-5.851804447615663;-7.5975727989967865;0.2086956127796192;0.4290982910786075;637
C;220.0;LG;9.41574750724412;19.477096078948737;18.16597263760165;6.0580426357142905;0.610725771933931;637
C;230.0;HG;59.528045442136246;35.49443246117101;29.823242077451518;1024.5089037333341;17.0239262499854;620
C;230.0;LG;2.298486032308306;7.228837378521354;6.610729967946048;1.3191543982683993;0.5518667861923497;620
C;240.0;HG;0.610112589928656;-4.291800261334745;-6.068202452302531;0.2420668356789612;0.39052028733589833;625
C;240.0;LG;6.5675891047661;16.348119474447927;15.773387593011385;3.6720695541125576;0.5545757596207496;625
C;250.0;HG;43.0245613536955;32.67432902559769;32.39436848486222;933.3780793666674;15.812938261081113;624
C;250.0;LG;1.8137456947771935;5.171527891557034;2.582298862805221;1.0935346904761913;0.5753066588642031;624
C;260.0;HG;0.5504906574204589;-5.1850009440233835;-5.503598533129088;0.24574363852813869;0.41722826952113956;628
C;260.0;LG;7.635599837625452;17.65686320096754;14.338932848884287;4.471807019047622;0.5670820477903362;628
C;270.0;HG;0.4704241608485922;-6.5502076224070525;-9.213692971034108;0.18835048095238113;0.4103681032772277;635
C;270.0;LG;4.0602795982672655;12.171118818359897;11.671612469198717;2.317875071428573;0.5541945432006842;635
C;280.0;HG;0.509362740778038;-5.8594565257405975;-7.662673928913293;0.20986146841638115;0.41416014793589995;638
C;280.0;LG;5.0615219944513905;14.085622567632692;13.963591949828725;2.607391319047621;0.4936625769321198;638
C;290.0;HG;33.43020817686468;30.48278162086249;29.440314648140458;709.0691739190481;21.806979858973566;633
C;290.0;LG;1.6764388176133176;4.487754165642338;3.415657833409051;0.8295980642857148;0.49860792886039423;633
C;300.0;HG;0.47112039938438827;-6.537361810447902;-6.982454159532869;0.19127259149504777;0.40987090683587124;635
C;300.0;LG;4.066934153895527;12.185342819464635;11.312276472893124;2.1667218619047635;0.5199388905218194;635
C;310.0;HG;24.651467012601874;27.836855386277215;22.671660585312576;336.7947641190479;14.23827965068473;635
C;310.0;LG;2.4343910383024236;7.727806811788858;6.1372144369275015;1.230735157142858;0.47155813020642173;635
C;320.0;HG;77.60075164662885;37.79731855774168;36.90942726572737;768.6901050333338;10.541348254609334;635
C;320.0;LG;1.913719247758662;5.63756449857023;5.01101567451618;1.0905750887445897;0.5196718404848977;635
C;330.0;HG;81.69023831016925;38.24340326006891;37.52522665880812;721.6253562380957;8.854573520199368;633
C;330.0;LG;1.6020104397633854;4.093306838171088;3.5907541657933177;0.7952980285714292;0.4878854128818015;633
C;340.0;HG;58.00599505814459;35.26945762509359;33.507317864491355;383.72199919047654;6.380149603154136;643
C;340.0;LG;0.7681765331306561;-2.2907792828475095;-3.512232886976978;0.40520653809523843;0.5182570509274366;643
C;350.0;HG;54.618050527422604;34.74672389765892;31.27864858921288;286.5799976753249;5.500965240533876;632
C;350.0;LG;0.6274789399268168;-4.048016916526004;-5.988157153378724;0.3348624428571431;0.5658254697860984;632
C;360.0;HG;59.03136374559339;35.42165632860976;34.73744621618929;349.86903059307383;5.950991929208618;626
C;360.0;LG;0.7722036238694125;-2.2453632921882125;-4.329521591096841;0.4062240119047622;0.5612401112055948;626
C;370.0;HG;34.35483236124422;30.719756673743337;30.06223436113992;276.7046870535716;8.270112490115165;631
C;370.0;LG;0.7599903873794516;-2.383838015817391;-6.409863756199357;0.3502683273809526;0.5074367448171222;631
C;380.0;HG;36.39894019465494;31.221774775006477;30.915187881139737;218.57004340909106;5.500848749155953;630
C;380.0;LG;0.5596141701273645;-5.042225943282254;-5.649375180321256;0.29707407619047643;0.508149701334876;630
C;390.0;HG;57.31999921600062;35.166123515704115;34.408619725911336;389.83915816071465;6.998244789976216;635
C;390.0;LG;0.8483971219107593;-1.4280162689368558;-2.863062545635919;0.4703714458874462;0.5003770570597192;635
C;400.0;HG;27.6726062845508;28.84100128306802;28.189351716561642;141.92581041904774;5.229532675503019;630
C;400.0;LG;0.49721019876449146;-6.069199434006326;-7.307339703175936;0.2462844329004331;0.5072384589901032;630
C;410.0;HG;38.57181228602066;31.725400891050718;30.124258602737612;210.4153042023811;5.666419351265986;629
C;410.0;LG;0.5763377426963778;-4.786458775888301;-5.603498645569561;0.27693791774891796;0.46332584864417375;629
C;420.0;HG;32.42827394145324;30.21847666223412;27.48880928348029;171.9108694523811;5.222552778255977;638
C;420.0;LG;0.5219310048724088;-5.64773806959531;-8.354221200247505;0.28079590476190497;0.4973110946931401;638
C;430.0;HG;16.718076304029736;24.463726061809687;23.406418746884896;80.10999177380958;5.420304902365389;638
C;430.0;LG;0.3914992865266606;-8.14538050138342;-8.203843263837273;0.2212066190476192;0.519319069904737;638
C;440.0;HG;16.322094970355256;24.255518009524884;23.809724517871523;83.29031161428577;5.052554316074924;636
C;440.0;LG;0.49372702624186493;-6.130261983603871;-8.461620759057086;0.25899505714285737;0.5009098351879049;636
C;450.0;HG;18.228257553588612;25.214903125125176;24.44426059619049;90.94447317142863;4.99105725527731;637
C;450.0;LG;0.43039601797870175;-7.322635108258842;-7.842538144571801;0.23428735476190493;0.5111734411002984;637
C;460.0;HG;16.490523042743142;24.344688614375748;23.488621225294985;84.12966069047626;5.02851187046643;627
C;460.0;LG;0.47964840565635486;-6.381539895590697;-7.243106187232361;0.2392288095238097;0.514242863311518;627
C;470.0;HG;10.925438848561864;20.768777811121033;19.740719315359062;54.60882177272732;5.00750569275592;626
C;470.0;LG;0.44824187340596133;-6.969751508464092;-7.5929411766042785;0.2312220822510824;0.4954942155592549;626
C;480.0;HG;12.425041043751;21.885956640332964;19.373226115546466;63.377922738095286;4.946961479813588;637
C;480.0;LG;0.4617767927875629;-6.711357938448676;-9.811642464384263;0.2075448595238097;0.4777703462559215;637
C;490.0;HG;6.462866360143423;16.20850351253565;15.310924858241844;33.54013783549786;4.873711931123737;636
C;490.0;LG;0.4281855668069843;-7.367359518119155;-7.822540896981102;0.22178808333333347;0.4768825774753601;636
C;500.0;HG;11.441172151970504;21.1694104070688;20.154677451319714;54.31396743333337;4.990824143673866;625
C;500.0;LG;0.4585596139259758;-6.7720839385426785;-8.853052152612175;0.20580082619047635;0.4662801452553697;625
C;510.0;HG;7.9943261192682575;18.05563721650963;16.024393538078545;42.47867800000003;5.104826561990345;628
C;510.0;LG;0.4408013651824637;-7.115141382476939;-8.884626456987668;0.19554763203463219;0.4824299246949536;628
C;520.0;HG;8.230999426762805;18.309051428852168;16.951501326394997;37.93996218614721;5.0931429333084;624
C;520.0;LG;0.3885546598328629;-8.2109575658835;-8.473401813903175;0.21933067965367978;0.5156557581619267;624
C;530.0;HG;4.255588940590476;12.579193431534337;11.787356874218366;23.511286828571446;4.872535294824267;637
C;530.0;LG;0.4438480137756031;-7.055314385031627;-8.193193832414975;0.2098702666666668;0.47367310513814387;637
C;540.0;HG;5.365828497814384;14.592735753437987;14.519080377909148;26.522616359307378;4.998823769573843;629
C;540.0;LG;0.4273419269255948;-7.384489920900787;-8.659068829372224;0.19607636363636374;0.4699391963535522;629
C;550.0;HG;5.2207768804671675;14.354702664626204;13.180101503499182;24.956913077922096;4.792597320773454;635
C;550.0;LG;0.4559267638990929;-6.822098260258903;-8.870771364010771;0.2145211333333335;0.4718577103472863;635
C;560.0;HG;3.2213308296248293;10.160706580233914;8.515017213463423;16.29097680735932;5.053926631132971;629
C;560.0;LG;0.4714483524249947;-6.531317553142203;-8.103385778948613;0.22672961904761924;0.48484568969323816;629
C;570.0;HG;3.181180298704588;10.051765683395214;9.0637620372645;16.43340975757577;5.079149524594559;624
C;570.0;LG;0.40674287367482226;-7.813600947333469;-8.302651330052537;0.19713339393939408;0.49253388939254267;624
C;580.0;HG;3.246945525140038;10.229500048285091;9.538357471364423;17.251222061904777;4.730742465389941;629
C;580.0;LG;0.39843121280353316;-7.992932932207763;-8.661803513306852;0.18867726839826854;0.45866370554634744;629
C;590.0;HG;3.2070103846722477;10.122007324534207;8.465152950414124;14.648111627705639;4.823631857826079;625
C;590.0;LG;0.36878450393616075;-8.664546719635329;-10.83224619267677;0.17876745238095257;0.4542970722316012;625
D;100.0;HG;2.3554439299595926;7.441455411145617;-5.403359082072652;10.43570190211641;3.910731353537233;645
D;100.0;LG;0.4682356393809417;-6.590710668088223;-8.008634933611427;0.21546582440476203;0.47078712510225124;645
D;110.0;HG;0.48546599661211565;-6.27682367766906;-7.1506733443841615;0.19583691546244064;0.3662555554717316;623
D;110.0;LG;3.5992014041163247;11.124122991680176;9.159302092320921;27.763082211640235;7.601417899643942;623
D;120.0;HG;0.5444150218708848;-5.281397999071849;-6.825301216019066;0.18575049056471443;0.36126963290647274;626
D;120.0;LG;7.5050684523207565;17.50709315431624;12.538858315427905;74.04846231666673;9.6636999255369;626
D;130.0;HG;0.4279434448542607;-7.3722724333170575;-9.401534481026195;0.17467459455350662;0.4048436566441172;627
D;130.0;LG;15.883966396306729;24.0191791922212;19.71046371394396;34.398698028138554;2.169147506948183;627
D;140.0;HG;0.48191901360433653;-6.3405187746379275;-7.212694986065631;0.1947567190476192;0.4022299086644009;627
D;140.0;LG;11.88888645065271;21.502823583569352;20.196276032447965;73.69425229629634;6.243142655140824;627
D;150.0;HG;0.46097678671476894;-6.726418874224897;-7.53660593768542;0.21188991820604777;0.40759881695849554;629
D;150.0;LG;9.62753770438389;19.67030456256388;18.579220562077538;35.22652571190479;3.8297655393650594;629
D;160.0;HG;0.4385057866356729;-7.160493423958373;-8.497244758933668;0.19026229004329018;0.3861987527989915;627
D;160.0;LG;19.64044064449697;25.86302454409678;25.566446128789096;25.443932718614736;1.2446824440224207;627
D;170.0;HG;0.5208797664348058;-5.6652502480203735;-6.553538549339489;0.19238956434103907;0.4002929820644099;618
D;170.0;LG;12.321400329782708;21.81320136588252;20.302676333412855;17.785562842261918;1.4882627554528247;618
D;180.0;HG;0.5280372986648368;-5.546707987497928;-6.996585085578454;0.2124665627705629;0.40840495752908196;632
D;180.0;LG;9.762756942230467;19.79144954129109;19.00727966636062;10.850727129629636;1.134804227049473;632
D;190.0;HG;0.4704301424982109;-6.550097178211266;-9.281120582141243;0.17282765105203474;0.4068248679616152;617
D;190.0;LG;9.748145768829486;19.77844029561473;17.464043615411686;9.125143041666673;1.0080898088970474;617
D;200.0;HG;24.293890862751518;27.709941522862287;-7.136864989660145;155.5787262523811;6.367071443297064;619
D;200.0;LG;2.378490629081261;7.526028894001607;4.857272769347102;2.089659513227515;0.9327218593800919;619
D;210.0;HG;0.5280006365500527;-5.547311077732516;-8.703794003877375;0.22455169237247044;0.39511179679555547;628
D;210.0;LG;9.289466476938331;19.359815436438332;17.812936580080162;4.651446707142862;0.5193553186516578;628
D;220.0;HG;0.6628938458942182;-3.5711202564449387;-7.6684507840770415;0.285447085714286;0.42353822226759064;638
D;220.0;LG;7.992950437285409;18.054142400070155;17.508509429314604;4.666561861904765;0.5807815776354892;638
D;230.0;HG;49.47339292211133;33.887433912487396;30.296986136735548;869.5961292142863;18.55182827471633;627
D;230.0;LG;2.662909923933326;8.507129523293786;7.086335165045956;1.472773933862435;0.5690332037671088;627
D;240.0;HG;0.5901177514650828;-4.581226421086261;-6.10059341870733;0.23782621598714304;0.4124597983388981;628
D;240.0;LG;5.837842808735505;15.325047937678978;14.275117407393278;3.4070494976190497;0.5689397220562558;628
D;250.0;HG;50.451423474281654;34.057468485117376;33.748837958837015;899.7257494025981;18.465275368210445;625
D;250.0;LG;1.9195528550774044;5.66400149919012;4.5030587213876;1.0881966883116891;0.5578194283420881;625
D;260.0;HG;0.6095478515063648;-4.299843903309689;-5.135127412059266;0.24546067724867743;0.4075640320829518;626
D;260.0;LG;6.069497944565561;15.663055373655311;15.364550415599345;3.310834681818184;0.5537658696764589;626
D;270.0;HG;0.4120743197836195;-7.700488991904642;-8.469519840247768;0.17731061190476202;0.4129681928075434;635
D;270.0;LG;3.2599024359036717;10.264092049317552;9.135085438425266;1.7126810857142867;0.5367005019785523;635
D;280.0;HG;0.45521467900360163;-6.83567483966403;-8.853674483200772;0.18022772472005302;0.4205414407987102;628
D;280.0;LG;3.527630981841017;10.949662963820117;10.352465696068462;1.783183904761906;0.5084570700726624;628
D;290.0;HG;33.65214063560829;30.54025390413511;29.31122722448614;651.0891553904768;18.219985530563136;623
D;290.0;LG;1.519925133875558;3.6364439332971044;1.9074474901328253;0.7414957402597409;0.468576898130581;623
D;300.0;HG;0.44082836242699835;-7.1146094242652556;-8.402308143820624;0.1982411968549049;0.4160239374024962;631
D;300.0;LG;3.56930999953327;11.051685373459378;8.71375776930439;1.6904603650793666;0.5567028920678956;631
D;310.0;HG;36.75639702653381;31.306658678773776;30.438331191225515;724.4821254428578;19.446108434722017;628
D;310.0;LG;1.761827101062687;4.919265723532421;3.272545540889448;0.8693946060606066;0.48733435442725576;628
D;320.0;HG;72.89658954840988;37.254144208347626;36.881705798076055;658.101145398269;8.809507982650446;625
D;320.0;LG;1.4083097750452427;2.973963874467558;1.5721171287320415;0.7749504952380958;0.5290423304053365;625
D;330.0;HG;71.9952694464112;37.14607922839929;36.24492250701856;529.8318155428575;7.334671633560106;623
D;330.0;LG;1.118151062404254;0.9700096154934048;0.6327051990892839;0.591241228571429;0.520740691585233;623
D;340.0;HG;44.61916201513263;32.99042819227719;32.763203078701544;284.2262805389612;6.148938232382575;631
D;340.0;LG;0.7323769400343177;-2.7053067711182543;-3.785099717440323;0.3639302904761907;0.5152270886344973;631
D;350.0;HG;47.80180683152457;33.588886251125444;33.178447789637374;303.3088563203466;6.301637652565761;626
D;350.0;LG;0.6392271828656366;-3.8868953022437664;-4.812624713334547;0.3366593160173163;0.5053165622173212;626
D;360.0;HG;47.53747808137024;33.540722763494685;32.505242313588724;264.58693138095254;5.59969190942434;630
D;360.0;LG;0.5887585809349424;-4.601255002762855;-5.007646501199078;0.34775785930735953;0.5449655055094378;630
D;370.0;HG;28.53193876933333;29.106625666730945;28.379987742546824;155.86664636772497;5.479977405194443;633
D;370.0;LG;0.47447124330094914;-6.475802082190887;-8.366234363409834;0.2538597989417991;0.5197440119687498;633
D;380.0;HG;29.175414269531142;29.300340628500038;28.121091180884925;156.12112058333344;5.6261760204298925;625
D;380.0;LG;0.5478673655432289;-5.2264913625999485;-6.246840118109831;0.2696856825396827;0.4977844581656886;625
D;390.0;HG;42.645835051639736;32.5975324557144;31.417382955470806;246.5921089470901;5.4886955539184825;633
D;390.0;LG;0.6469269183898735;-3.782895553014579;-4.800319031533809;0.3328275023809526;0.494772209794171;633
D;400.0;HG;23.47578084601669;27.412400931628902;25.351823543789266;124.26558465151524;5.041312475863932;629
D;400.0;LG;0.43539713720886986;-7.222288616531381;-8.298250575275844;0.24029468783068803;0.5343384404384457;629
D;410.0;HG;29.451357962740868;29.3821064864545;28.863824947561092;146.32010864814825;5.051043948037067;631
D;410.0;LG;0.4628825568285264;-6.69058369546292;-7.256672200860672;0.2378284242424244;0.507890412309423;631
D;420.0;HG;18.963205806110963;25.558235168704986;24.591576788161543;92.3717338398269;5.111853335472086;632
D;420.0;LG;0.44507419052127745;-7.031351787195269;-7.645256719208369;0.24794929047619063;0.504094045261129;632
D;430.0;HG;12.441292702644144;21.89731015445527;20.611851230321065;65.80393016428576;4.979197391844935;631
D;430.0;LG;0.41622413809416564;-7.613454746922132;-8.490894481092901;0.23122200000000018;0.5291186268561893;631
D;440.0;HG;14.0700020950077;22.96588324201434;20.720037451802597;69.3892951322752;4.921574673394577;632
D;440.0;LG;0.4039466517350703;-7.873519746646238;-8.524636070311814;0.21768638095238113;0.4940964951862524;632
D;450.0;HG;13.306171682260784;22.481062452210363;22.04954296095039;66.23268184285719;4.981178594667186;627
D;450.0;LG;0.4819417371641035;-6.340109225162656;-7.475838999140738;0.23706507936507956;0.49588043310385554;627
D;460.0;HG;10.753211536308793;20.630763785868524;20.44239532958524;54.00394497835502;5.1198963167919045;630
D;460.0;LG;0.46249928282459996;-6.697778727279957;-8.525867478992954;0.224615694805195;0.5010469172840724;630
D;470.0;HG;6.604160260883777;16.3963520718666;15.896042170359209;33.76343218831171;5.066151034760036;633
D;470.0;LG;0.4538976841948451;-6.860840660805744;-8.620357379593079;0.23125129100529118;0.4800155662405231;633
D;480.0;HG;7.861157688158237;17.909730158843697;17.64876803257724;39.987399770562796;4.993803132353976;626
D;480.0;LG;0.45079939440037164;-6.920333521052494;-7.069862079991461;0.24213562857142876;0.49088124643277253;626
D;490.0;HG;4.977012757936905;13.93937508007836;13.132072070012592;23.836213164502183;4.749931393809254;639
D;490.0;LG;0.44446517813157677;-7.043245168012494;-7.969253666228264;0.21058094444444458;0.4836198211326478;639
D;500.0;HG;6.832366356871122;16.6914229103571;14.61697503234545;30.756753414285743;4.788138165800179;632
D;500.0;LG;0.4352930810614786;-7.22436471707263;-8.753591828296672;0.22498559523809541;0.5044592405824333;632
D;510.0;HG;5.215090078084458;14.345236284310106;12.428192068450825;25.677297994709015;5.072456752948205;634
D;510.0;LG;0.44338752176932245;-7.0643306675060735;-8.842523646633065;0.20717480952380973;0.49435240097277766;634
D;520.0;HG;5.136457914945282;14.213274682325874;13.703939811248965;26.216346244588763;5.026943599074718;630
D;520.0;LG;0.4007261533416469;-7.943046249359227;-9.989773829857938;0.19501918181818198;0.47432173428305735;630
D;530.0;HG;2.9529135501774753;9.40501465396151;8.142268725418344;14.309485198412709;4.787721999431779;631
D;530.0;LG;0.4281201738675812;-7.368686137406842;-8.431265628776359;0.1958120584415586;0.4785672923567771;631
D;540.0;HG;3.237875537689422;10.205203013525812;9.469356201020853;16.121061783549795;5.084729715745549;630
D;540.0;LG;0.42575310541112377;-7.416843512850548;-7.816989592896527;0.21034593939393956;0.4845892222618345;630
D;550.0;HG;3.1400600352969286;9.938759029928802;8.393969351663452;15.638005930735938;4.8820811256980985;627
D;550.0;LG;0.4091199191911438;-7.762987501980714;-8.743881821723033;0.21161433333333352;0.4671806453921845;627
D;560.0;HG;2.2799258522395376;7.158414462054297;6.02267215730051;10.382410883597892;4.940934280154897;632
D;560.0;LG;0.36507746989836215;-8.752299358575126;-9.88025559048521;0.1968689242424244;0.4681602586252192;632
D;570.0;HG;2.2397412101411573;7.0039568175716385;5.877644747864126;11.671029346320354;5.021878086780078;633
D;570.0;LG;0.39195220388191465;-8.13533778489282;-8.431565215979216;0.19443191005291016;0.46832623810848356;633
D;580.0;HG;2.384542278056747;7.54810053803121;7.308162951541219;11.5389905925926;4.917754884065264;628
D;580.0;LG;0.41683438467650435;-7.600729265411709;-8.856690177252023;0.2121956571428573;0.4867619264780695;628
D;590.0;HG;2.0422023927037105;6.201975613770841;5.682909552074823;10.559789707142865;4.866527186816766;629
D;590.0;LG;0.42897616823666274;-7.351336687345292;-8.639166920635462;0.19766174891774907;0.4658871723888262;629
E;100.0;HG;5.469048575507053;14.758235614982194;11.747780097021554;23.0479442517007;3.879300371290072;638
E;100.0;LG;0.4635487902227473;-6.678090960299348;-8.273842099343499;0.20056864761904775;0.43800466963768175;638
E;110.0;HG;0.49108258640832114;-6.176909310072403;-7.6939987326329415;0.19055329629629644;0.36584048336960096;632
E;110.0;LG;6.531161800784215;16.299808859160418;15.272379407777422;37.679114603174625;5.660878717827288;632
E;120.0;HG;0.5288917257067625;-5.532664545723689;-8.02264232086365;0.19087533730158743;0.4091249570388827;644
E;120.0;LG;5.390075048833123;14.631896242759602;14.354025468849684;90.94680230952387;15.793897301499989;644
E;130.0;HG;0.4345928865486435;-7.238347730487266;-8.469277061065991;0.17033340476190487;0.4069525535555188;631
E;130.0;LG;35.16161791209005;30.921377006150124;25.18196492267161;38.85158465952384;1.1041545984127075;631
E;140.0;HG;0.46286624198547327;-6.690889845309225;-7.401262980085108;0.1874867761904763;0.42285034531327786;622
E;140.0;LG;21.30171342742262;26.56829075623619;24.350120395910707;74.76672896190482;3.497262474927854;622
E;150.0;HG;0.43758755028339785;-7.178700850500527;-8.420913901073039;0.17673283884828583;0.41271674510875184;628
E;150.0;LG;10.828406045156235;20.691290652838315;19.506021943162594;60.57083474761909;6.018477595049098;628
E;160.0;HG;0.4544387527219099;-6.850492816378152;-8.602742609274722;0.1802147285714287;0.41273183623431076;621
E;160.0;LG;18.48841185646532;25.337992142495427;24.04725257193335;33.048919539682565;1.7064066104119886;621
E;170.0;HG;0.4333398226248565;-7.263427975530451;-8.628390372124715;0.18690079285714298;0.40182750477492474;620
E;170.0;LG;14.605914413821147;23.290575029608416;22.581151998810274;21.807067460317477;1.5229671970249807;620
E;180.0;HG;0.5037726231012519;-5.9553087478385365;-7.7364159486035025;0.19250407574751335;0.39362414359890685;618
E;180.0;LG;7.421860717509443;17.4102559978714;16.29710856204518;13.094828268398281;1.7373493565513838;618
E;190.0;HG;0.4097425757456412;-7.749778136084532;-9.152534580001076;0.17557267218161915;0.41323980062951776;617
E;190.0;LG;10.482168365869832;20.40902262227324;17.952004309987796;11.067473861471868;1.0522788313110243;617
E;200.0;HG;5.157463065796018;14.248722530757716;8.291849967393707;21.93029166428573;5.3612759348393455;617
E;200.0;LG;2.2822697978532753;7.167339662230453;6.320816534748063;2.4114736880952394;1.0624171260877011;617
E;210.0;HG;0.4814574791816175;-6.34884124751665;-9.01377335830051;0.1939497928923811;0.42914104515484636;622
E;210.0;LG;11.32031090095154;21.07716708954245;19.848626694139288;6.8256734285714336;0.680184100845422;622
E;220.0;HG;0.46249543062352433;-6.697851073192686;-8.578411073644185;0.18921926561956723;0.407880239079451;622
E;220.0;LG;12.614077095618468;22.017109620349697;19.78952782284928;9.099127350000005;0.7283815168999055;622
E;230.0;HG;60.784844518285674;35.675906203037414;24.210642593780868;1018.4900845000009;16.793597972607714;623
E;230.0;LG;2.3692986550301285;7.492396157946139;5.901949656224591;1.2699769880952392;0.5597197296051046;623
E;240.0;HG;0.6461867419945468;-3.792839135518749;-5.274867714021475;0.27379943488380964;0.41764904018304805;631
E;240.0;LG;6.797779549525062;16.647341528044077;16.240707099393518;4.009785712121214;0.5649130366503627;631
E;250.0;HG;17.264335807113902;24.74299749691363;15.000377858542127;643.36904397381;23.04098365037219;627
E;250.0;LG;2.1198718396186385;6.526192114528998;5.540588943557832;1.3286941285714295;0.5989220959067447;627
E;260.0;HG;0.44038123924337835;-7.123423815196692;-9.216914235923529;0.19765834995467546;0.4154330280953834;622
E;260.0;LG;7.80361835983745;17.845920436721503;16.874089328317687;4.096249780952384;0.5697315412524645;622
E;270.0;HG;0.5040631617550849;-5.950300815414203;-8.27350863515811;0.20505274025974032;0.4042875273332528;623
E;270.0;LG;4.972430180812223;13.93137387594611;11.87582958092454;2.648879103896106;0.5648738108699974;623
E;280.0;HG;0.4250727862436736;-7.430733965702188;-8.280555322669153;0.18023091751933346;0.4199011733212128;629
E;280.0;LG;3.6211343744313935;11.176892821616471;8.671887180614696;2.312933302380954;0.6273417517780482;629
E;290.0;HG;19.35559378371584;25.736129979682442;22.1976596236436;721.3376113690481;31.19814928479098;633
E;290.0;LG;2.334766849589606;7.364870366203294;4.086780522185053;1.125800000000001;0.4853981436064841;633
E;300.0;HG;0.5371992440453155;-5.3972921429696115;-5.916374579896866;0.21915728775200014;0.3947764259500381;629
E;300.0;LG;4.8228475048566715;13.66607060088305;13.072907977122899;2.6626204642857147;0.5873459706828295;629
E;310.0;HG;22.198389864477228;26.926429490514995;23.016096181252355;545.3134138238099;23.22784186181738;628
E;310.0;LG;2.2676861719358246;7.111659035924951;6.256367700762864;1.0887252597402606;0.44926150169058304;628
E;320.0;HG;25.154771309868877;28.012407467372903;19.28349934968731;275.4940486952383;11.737767778784336;625
E;320.0;LG;2.0583432739512664;6.270356092209307;5.157885507724118;1.179628411255412;0.5291871095770493;625
E;330.0;HG;67.20911439921986;36.54856345657504;34.64639674933725;786.7699825367971;10.510825193530938;624
E;330.0;LG;1.8627424213587367;5.403056102578596;4.686625075491806;0.9642617121212127;0.5432251271379805;624
E;340.0;HG;60.141511662780516;35.58348679871975;32.25122525903124;512.6590703809527;9.303196709044029;629
E;340.0;LG;1.1661081439507794;1.3347765683775314;-0.7659206180151469;0.6243786047619052;0.5410731051846287;629
E;350.0;HG;54.65677626219756;34.752880255575405;29.19409778323699;430.58715004112594;7.889704242499102;626
E;350.0;LG;0.8520762302335796;-1.3904309945993814;-2.6130468263285476;0.5237507662337666;0.5699553453851827;626
E;360.0;HG;55.62165272459903;34.9048777842376;32.816337817943754;394.4055335259743;7.457073853059774;629
E;360.0;LG;0.8022232016992554;-1.9140956323219729;-3.6459832368061154;0.4886050692640696;0.521584426220074;629
E;370.0;HG;34.237261770583174;30.689980467368954;29.632941054586578;374.56008874458894;10.236123754324822;630
E;370.0;LG;0.8920071788065196;-0.9926330088113391;-2.6336820937374257;0.430997863636364;0.497767636400005;630
E;380.0;HG;42.109712401067206;32.487645506127436;28.33484008128975;313.74362190238116;7.493678814235572;627
E;380.0;LG;0.7049853461491815;-3.0363982035107693;-6.479130718224254;0.3805254285714288;0.5291313499396596;627
E;390.0;HG;53.87833147799747;34.62828275767865;33.56900134361667;587.6920580428575;10.2398857294107;629
E;390.0;LG;1.134334312080913;1.0948213820481758;0.45725953211923187;0.6379083809523814;0.5093210139820126;629
E;400.0;HG;46.22635561564387;33.29779311928992;31.966223375540675;292.3923678738097;5.666723164112805;629
E;400.0;LG;0.6844542649292481;-3.2931113202841367;-5.126725176791394;0.346198785714286;0.5121819606807562;629
E;410.0;HG;51.048507684253856;34.15966101505336;30.49228388674966;395.62109969696996;7.54253671395983;631
E;410.0;LG;0.8663723003727866;-1.24590882819848;-3.463335327860249;0.4782992077922082;0.5190745901094997;631
E;420.0;HG;31.743232282315244;30.033022941698185;29.01444024882383;183.95537166190485;5.919037607701443;624
E;420.0;LG;0.49615824904180494;-6.08759567486087;-6.302867198821925;0.2895165190476192;0.5366352392726021;624
E;430.0;HG;30.66888492802025;29.73395972022926;25.665414382348214;169.0290032857144;5.742805286418662;628
E;430.0;LG;0.5283046064889985;-5.542312050352408;-7.30017500094813;0.2637251991341993;0.5248318801516066;628
E;440.0;HG;30.123138072502037;29.57800424870193;27.18204404542294;182.4227494656086;5.614669255002184;628
E;440.0;LG;0.4980846076465577;-6.053937582033847;-7.631462403613201;0.27646807407407425;0.5191462017269892;628
E;450.0;HG;26.963604972788705;28.61555911863432;25.384138157983248;163.61320772727282;6.196355272529759;625
E;450.0;LG;0.530235845326019;-5.510618323417208;-7.470894567225176;0.2779948831168833;0.5066859595350808;625
E;460.0;HG;20.73344837442154;26.333430793864785;25.734153233849696;117.74073780000008;5.995539770689326;629
E;460.0;LG;0.4333897150466178;-7.262427986373886;-7.900425536035791;0.22905517619047627;0.4970594739786037;629
E;470.0;HG;18.925196463644657;25.540807932672216;21.587785978471032;102.96369805820115;5.39145136503226;628
E;470.0;LG;0.46792271591198187;-6.596517418201402;-7.5861094348241265;0.24736779047619067;0.5110889096405951;628
E;480.0;HG;19.92859913119032;25.98953542611552;23.519464732232542;99.36893422142865;4.885470230587406;626
E;480.0;LG;0.4658684419623269;-6.634734155311902;-8.414585055701268;0.22540844155844175;0.5213374295850595;626
E;490.0;HG;14.60500030965803;23.290031410351276;17.77509576434701;57.373946154761946;5.033864028122021;630
E;490.0;LG;0.4290280160608013;-7.350286938434431;-8.761710754984861;0.22285388359788375;0.500743534778601;630
E;500.0;HG;17.10843721388116;24.66420680638538;22.72220841860257;89.3959728246754;5.49344332069038;628
E;500.0;LG;0.45005006504043354;-6.934783423987698;-7.744973294614352;0.20783556428571448;0.4956863015375263;628
E;510.0;HG;12.399181353812159;21.867860243150083;20.69728949438675;63.574685883116935;4.795418167722726;622
E;510.0;LG;0.4606858753762094;-6.731902060143203;-8.753625329297032;0.22556705000000032;0.48037148154396403;622
E;520.0;HG;12.765792541612639;22.120955647614487;18.763964223679196;62.34590623376628;4.934334077849107;628
E;520.0;LG;0.44559070928415934;-7.021277458512709;-8.995930827279258;0.20717496969696986;0.4975834224676812;628
E;530.0;HG;7.771166285249368;17.80972403943654;16.311171883885457;39.69629785714288;4.645068699140534;630
E;530.0;LG;0.4586313044532979;-6.770726105626532;-7.9385337388524855;0.2071748571428573;0.4708176854666755;630
E;540.0;HG;9.810925928839332;19.83419993722014;17.921157485100647;49.21038270346324;4.875844451786156;628
E;540.0;LG;0.4397155624596548;-7.136563270241791;-8.997489901171665;0.20476731216931232;0.46610033930057404;628
E;550.0;HG;8.718724506878909;18.80905910199741;17.226309375299472;36.71408894372297;4.832834908552834;628
E;550.0;LG;0.46267268399950107;-6.6945228061324356;-8.693712266538062;0.2136490523809525;0.4678744732407652;628
E;560.0;HG;6.214525919021245;15.868160073531923;13.72500105409511;26.87328089947092;4.8523442400622;631
E;560.0;LG;0.454311697343362;-6.852921621784743;-8.103582562160478;0.21445651851851863;0.48909641257134023;631
E;570.0;HG;6.220789146985838;15.87690962449865;14.862478890434227;29.904773054761925;4.6900420709329556;630
E;570.0;LG;0.47915711034942354;-6.390441256957401;-7.60569187765215;0.21906637229437242;0.46803829726405954;630
E;580.0;HG;5.457179581834481;14.739364910797619;11.383961714539302;27.46917304761907;4.676092730748096;629
E;580.0;LG;0.4540117673186125;-6.8586578144301;-8.571620033976968;0.22178807857142874;0.4901506866310633;629
E;590.0;HG;5.328543222033339;14.53216985742541;11.18953403076694;25.7864053809524;4.771540648008031;631
E;590.0;LG;0.44320608357252284;-7.0678857397872985;-9.726212490149656;0.1966047835497836;0.4717131546661712;631
F;100.0;HG;8.819771683886268;18.909146855217493;17.256689321505863;32.65198117857145;3.770111095632694;640
F;100.0;LG;0.577215931811308;-4.77323380790318;-6.481011434774811;0.2369034107142859;0.40194791221197174;640
F;110.0;HG;0.5376094622391582;-5.390661921030727;-8.657025035664926;0.1823924671928573;0.3693846659348214;647
F;110.0;LG;7.08874845830336;17.011391316830377;10.896810640262684;46.575093857142896;6.495637070708341;647
F;120.0;HG;0.4935314579707926;-6.133703198784342;-7.7247628427719;0.19655917825303582;0.41478309800546587;621
F;120.0;LG;6.918113914241369;16.79975417732842;14.42645169764777;92.98242880272116;13.872371643134418;621
F;130.0;HG;0.4576261634598141;-6.7897830793441205;-8.704037590180743;0.1805316780853969;0.40322715644471896;631
F;130.0;LG;9.332965290749637;19.400393013848078;19.04382230011771;25.640478640211654;2.570004977884895;631
F;140.0;HG;0.43192653533420994;-7.291802286485848;-7.843823927140323;0.17956365332846577;0.4172360930259085;626
F;140.0;LG;12.447843887514146;21.90188266100947;19.14170796876642;65.96800219576724;5.223356761865314;626
F;150.0;HG;0.4090222374226452;-7.765061598903853;-8.611522552675877;0.17652725108225126;0.41338059817941825;614
F;150.0;LG;13.640292534533092;22.69647368906483;21.429105990317886;54.75360340211645;4.075564759555968;614
F;160.0;HG;0.5012948089143882;-5.998135852742282;-10.170210657565473;0.19635824338624355;0.41402898567979146;618
F;160.0;LG;19.28684134584571;25.70522215951975;21.853059206870576;26.989552656084676;1.3460813440256456;618
F;170.0;HG;0.4786274519158714;-6.40004791663835;-9.15083550535811;0.18409133925256627;0.41033114086279565;620
F;170.0;LG;19.773181730575654;25.921531157494087;21.697868246972853;14.212915238095247;0.6740210384694978;620
F;180.0;HG;0.4249094241366006;-7.434072730286248;-7.840168258285104;0.1744151598622223;0.4033878079637996;619
F;180.0;LG;8.069602752347432;18.137043118952366;16.196965108181164;14.675417862433875;1.8388550168127573;619
F;190.0;HG;0.4928181789518531;-6.146265608071479;-7.097326391060541;0.20315837302820122;0.3994979446188855;619
F;190.0;LG;7.809668008637234;17.852651445583252;16.415325996811763;10.511748277056284;1.2305748835379264;619
F;200.0;HG;2.5709318436661572;8.201811269830815;-1.6098346338686125;42.23330128571432;6.7329326810693315;631
F;200.0;LG;1.796805175599574;5.090019797616332;4.557630624535493;2.7336753333333355;1.3672141316473758;631
F;210.0;HG;0.5260557441235207;-5.579364657514148;-7.094500290192192;0.22218552910052927;0.4112021854992894;631
F;210.0;LG;9.276092498287866;19.34730141272071;16.741224944776256;6.255942225108229;0.6780160793475393;631
F;220.0;HG;0.48684272555624125;-6.252226297456163;-6.986112792061236;0.19255566416113107;0.41323152857412315;628
F;220.0;LG;9.656470202626394;19.696368094217974;17.702483168539292;6.139670722943728;0.6752208905819821;628
F;230.0;HG;37.65385510569144;31.516188941634145;8.163494271797845;780.3523273679658;14.602591597916975;635
F;230.0;LG;2.9006296942885523;9.249845772246134;8.082617794544099;1.4766496984126993;0.5196750738785476;635
F;240.0;HG;0.694161580303883;-3.1707885371110893;-6.282140388515616;0.25839248677248694;0.396892999315603;627
F;240.0;LG;6.840934968764656;16.70230923915639;14.838655527105416;4.0475446825396855;0.586070740882882;627
F;250.0;HG;24.62854465549464;27.82877498727983;22.113566361797886;139.1412050129871;6.503573066904106;625
F;250.0;LG;2.635779616554334;8.418181902084644;6.134587522546722;1.5309096719576734;0.5293721753385584;625
F;260.0;HG;0.5713312583402902;-4.862240288495579;-8.479010935916062;0.24449760052910066;0.3957586216478214;626
F;260.0;LG;7.970580485909348;18.029799031804114;16.686005619924092;4.489699812169316;0.569286687025714;626
F;270.0;HG;0.511574447798787;-5.821823117218906;-8.418944850051902;0.21511411111111123;0.41556778672910316;627
F;270.0;LG;5.008393024725019;13.993968040516776;12.652711217966148;2.6939491243386264;0.53857535457914;627
F;280.0;HG;0.5835917070390774;-4.677817763013696;-7.0887572194186435;0.24867830687830705;0.40630425144118765;632
F;280.0;LG;4.72130555312692;13.481242159622012;12.22519981095948;2.898393338624341;0.6233429262447645;632
F;290.0;HG;18.953004590910794;25.553561356073764;12.401164688915234;546.0829902169315;23.16860572680498;623
F;290.0;LG;2.3346515492395676;7.364441410804431;6.883031827575161;1.1252508915343924;0.45608227092705;623
F;300.0;HG;0.485025706575475;-6.284704859789044;-7.942714993212723;0.21141559307359323;0.42921364003425766;631
F;300.0;LG;5.094500790615746;14.14203267949723;12.69798011424665;3.1816147012987033;0.6158351559723049;631
F;310.0;HG;24.428397672121122;27.757899626019746;-2.1480373096815515;249.1680256450218;7.9133544883774345;623
F;310.0;LG;2.4888821144816062;7.920086536088416;5.629245595291157;1.1886130606060614;0.486649085666374;623
F;320.0;HG;0.5139338289044468;-5.781855892142427;-7.620969095789279;0.21219488359788377;0.413208854598924;622
F;320.0;LG;2.5208746023288704;8.031024855844649;6.852006788658013;1.4487445714285723;0.558945568181445;622
F;330.0;HG;18.941881177192183;25.54846215892487;9.21215358106469;148.9510756825398;8.188449830227762;625
F;330.0;LG;2.1338139025897456;6.5831308078363815;5.967521421547196;1.1982437513227522;0.580308375272641;625
F;340.0;HG;63.142754201298935;36.00647042611254;34.29280762288431;638.949834819048;9.569532609681682;626
F;340.0;LG;1.5491646539222261;3.8019515893940685;1.5809062607567046;0.7523303961038967;0.48224710817370936;626
F;350.0;HG;79.8771867967077;38.04845522007228;37.48685244696152;782.2975145820112;9.56601466438337;627
F;350.0;LG;1.741227032207475;4.817108017483569;3.5238359390581775;0.9198375767195776;0.5335756208026697;627
F;360.0;HG;62.983536225479035;35.984540811021176;33.18423937018941;577.7003518116887;9.115695465868113;626
F;360.0;LG;1.126980714945331;1.038329688011998;-1.7658133624726322;0.6437219480519485;0.6122360138327343;626
F;370.0;HG;26.85044497656395;28.579029748022457;28.015927226652757;394.3759365555558;14.810213871780913;629
F;370.0;LG;1.0265594950596344;0.22768248625775855;-1.1191585314378167;0.44997130952380987;0.46135943208904284;629
F;380.0;HG;50.44922677260315;34.05709028520878;33.68297854008706;391.1685832380955;7.874673294711933;630
F;380.0;LG;0.8102532685302801;-1.8275841673022384;-2.0703473223308095;0.45557347835497874;0.4958752446214415;630
F;390.0;HG;58.11826226364975;35.28625240825595;29.892041341714837;618.2140446613762;10.53604101011426;626
F;390.0;LG;1.8616068577118963;5.397759402360637;4.635417956685675;0.9233023766233773;0.479286126080592;626
F;400.0;HG;48.1024436586275;33.643342791717934;32.937439651341094;266.8064049004331;5.531922520337718;629
F;400.0;LG;0.6932619488501724;-3.1820527263839415;-5.4425322949578225;0.333752523809524;0.520643308434078;629
F;410.0;HG;54.1626323208104;34.673995260743425;33.035322948329934;402.58793622486803;7.884682952549599;630
F;410.0;LG;0.9399303569017944;-0.5380864755322666;-1.2567960638543565;0.46043568809523844;0.48018979030623343;630
F;420.0;HG;47.56984906883751;33.54663546956894;31.038533595697757;278.3582779956712;5.85544222638471;626
F;420.0;LG;0.6609381408966554;-3.596783709663544;-3.802197069668374;0.36270286243386274;0.5005080694090501;626
F;430.0;HG;28.018671126328705;28.94895067310768;27.687673732957556;157.09654009259273;5.14890836369482;625
F;430.0;LG;0.45938975791328474;-6.75637383242056;-8.026517337467789;0.25030695502645517;0.5307909738083492;625
F;440.0;HG;37.73915330357656;31.53584304656794;29.01185098683338;191.2532550608467;5.945901943293549;628
F;440.0;LG;0.5749990440637509;-4.806657546492021;-8.38302849873843;0.29875345502645523;0.539664183541069;628
F;450.0;HG;35.52965295193477;31.011819307796245;29.777091615120078;225.48081838528154;6.13648243327519;626
F;450.0;LG;0.5762695164598113;-4.787487062943101;-5.192449264125591;0.30811983982684005;0.5047320282130194;626
F;460.0;HG;35.72972193369955;31.060592726439058;30.4763251451355;207.87880684126998;5.669261685396975;629
F;460.0;LG;0.6085097613784111;-4.314649013303561;-5.980231918698462;0.3184550000000002;0.510040870446616;629
F;470.0;HG;25.32390587693343;28.07061381361764;24.32409878967747;138.22663538095247;5.487327043472947;625
F;470.0;LG;0.49396849140317545;-6.126015047687091;-7.793651440796587;0.23994234199134218;0.5273740059885392;625
F;480.0;HG;24.565544749779935;27.806527984275576;26.71402969384237;134.53533540211652;5.180665112303318;626
F;480.0;LG;0.46475476284415507;-6.655523016970196;-7.690154624469928;0.24152789177489195;0.4786259556198481;626
F;490.0;HG;13.117943246512157;22.35731495275665;21.641398818069028;68.9284661558442;5.076662412084767;625
F;490.0;LG;0.40975223579718173;-7.749573360800049;-10.016665316527035;0.22831517316017333;0.5091521593159406;625
F;500.0;HG;20.798402635723157;26.360599628937713;24.50445210813146;105.8341466103897;5.3624702077529385;628
F;500.0;LG;0.48384265889504263;-6.305916877978678;-7.612189515521461;0.24839856709956729;0.4940333609671578;628
F;510.0;HG;16.506926046588784;24.35332411177349;21.375787193779438;85.74610052813858;4.928238211080213;624
F;510.0;LG;0.4253732319649932;-7.424596860159205;-7.793226380901366;0.2336002077922084;0.4863908777043414;624
F;520.0;HG;17.055179751717514;24.63712601959731;23.01288804996657;91.6405437489178;5.229863732500152;626
F;520.0;LG;0.44262726412153913;-7.079236774607136;-7.584315345313387;0.22990070995671008;0.49029743906865497;626
F;530.0;HG;9.566610127347278;19.61516150623716;18.079559767056285;47.2527913722944;5.0372094733287565;627
F;530.0;LG;0.405789431871427;-7.833985353036609;-7.939317899080589;0.21748079220779237;0.48069171016892576;627
F;540.0;HG;10.236806177311191;20.203289609506005;19.402109493301502;51.116708982684024;5.082419507745481;626
F;540.0;LG;0.4490064808552722;-6.954947808914827;-8.964981454378455;0.2157484867724869;0.4652107387643921;626
F;550.0;HG;10.932448859792663;20.774349089262113;17.737989855298945;50.334570819047656;4.9709340469314895;637
F;550.0;LG;0.44938336365201537;-6.947660187419446;-9.831103463845874;0.22033460476190503;0.4951663828084052;637
F;560.0;HG;5.672355440445043;15.075268734711063;12.601118989741531;23.464672627705646;4.930388490879973;629
F;560.0;LG;0.4323627397585482;-7.283034796432876;-9.290934476498844;0.1918481515151517;0.4651337301007513;629
F;570.0;HG;6.646042270785148;16.45126198384438;15.17570767419575;29.583466930735952;4.951619014421965;626
F;570.0;LG;0.412518705382334;-7.691127077546762;-10.618143315015935;0.18709166666666677;0.4826634102394899;626
F;580.0;HG;6.963569278518467;16.856638012410443;14.74970946414973;35.716531354978386;5.220808376220628;625
F;580.0;LG;0.43793295710057106;-7.171847405893461;-8.103921505658974;0.20162554761904777;0.4948875140542941;625
F;590.0;HG;7.437445267351402;17.42847565493453;14.504926760072978;33.224909469047645;4.919974565809643;627
F;590.0;LG;0.4077861389471522;-7.79135080809103;-8.909540580836659;0.19211242640692655;0.4609279948540792;627
G;100.0;HG;4.494368020088007;13.053372632465459;10.982209367718546;18.81347677976192;3.920327050552728;632
G;100.0;LG;0.5632947776057753;-4.985285503164734;-6.84976638419765;0.23545004761904778;0.43578322008974957;632
G;110.0;HG;0.5657095813334447;-4.948129312410978;-7.734573363008137;0.19984364285714298;0.38910496326700267;643
G;110.0;LG;6.878342641825078;16.74967612453655;15.248519814104167;36.81886563690479;5.1129946024659905;643
G;120.0;HG;0.5115364698514726;-5.822467958855357;-7.450754502880206;0.2375215782471431;0.4162779393799908;659
G;120.0;LG;5.0832835918004395;14.122886785509596;11.804511114033422;72.93210923809528;14.771690800851719;659
G;130.0;HG;0.42172927139023736;-7.499325088449414;-8.520948409517022;0.16306943095238108;0.38805075481886614;641
G;130.0;LG;24.464074620939698;27.770575855325752;24.871547963162183;38.31034004285716;1.580554670118676;641
G;140.0;HG;0.4125253012187302;-7.690988198392315;-9.677539720842196;0.16569109047619057;0.41345853174043523;635
G;140.0;LG;19.940835900085307;25.994867191032803;23.03013700266314;59.08052319047623;2.8843904148840576;635
G;150.0;HG;0.4384516918506528;-7.161564995487898;-8.246539426004034;0.18075003108826854;0.41571457861085703;642
G;150.0;LG;9.541560500476631;19.592388167716017;18.973189751653138;50.99528453571432;5.231498188810384;642
G;160.0;HG;0.47630482371281374;-6.4423004041478125;-7.035793349005798;0.20318008961242873;0.4000565648546695;649
G;160.0;LG;22.150763822051637;26.907774130804995;25.64604537494092;32.56477726190478;1.359637457999984;649
G;170.0;HG;0.4448282083113516;-7.036153604530655;-8.518705977023744;0.19271437558142868;0.4181394491690251;644
G;170.0;LG;14.34915041929834;23.1365237647684;20.36568162554651;19.02349236904763;1.4966119301905385;644
G;180.0;HG;0.41217529835444244;-7.698360780481634;-8.726273856154238;0.17992736729790487;0.42501603409907596;628
G;180.0;LG;7.980618005642202;18.040730473751033;16.420015054775753;13.103231604761916;1.6466539109895928;628
G;190.0;HG;0.4440718107289554;-7.0509358913305755;-8.82285965922727;0.1955412467532469;0.4229003249965514;633
G;190.0;LG;11.220571385380156;21.00029946139621;18.117131192539816;11.583561407142867;1.0894412651702126;633
G;200.0;HG;0.6107911082859423;-4.282145877972379;-5.298673046269827;0.2674245527332903;0.43027810613547735;632
G;200.0;LG;2.1188169287720564;6.52186868344865;6.495657479735744;2.5977987952380976;1.0563999911126305;632
G;210.0;HG;0.4582486540697198;-6.777976038758542;-7.398688038378602;0.21044387067552398;0.43262976729221675;629
G;210.0;LG;9.544457010621311;19.59502452363791;16.835633401203868;6.785770967532473;0.7220514554532019;629
G;220.0;HG;0.461632173105315;-6.7140786194387125;-8.8940080331009;0.1936037904761906;0.41402025739993153;633
G;220.0;LG;9.922052435543737;19.932030356859872;19.358967517165308;7.533820452380959;0.7644552435120888;633
G;230.0;HG;51.47995963379742;34.23276395391431;28.64593556297511;946.0737498614725;18.52702568369833;622
G;230.0;LG;2.3476040931112045;7.4124971609273285;6.649291680618078;1.396316515151516;0.5663726298973566;622
G;240.0;HG;0.5533426559492842;-5.14011699407801;-7.301756255602115;0.267155772727273;0.4199309682979418;624
G;240.0;LG;6.6118111212486275;16.40640877284871;16.006554372798647;3.953816821428574;0.5601474993965342;624
G;250.0;HG;42.283106031314084;32.523337644001145;11.346981706283795;797.7106373463208;14.954672035514319;620
G;250.0;LG;2.1290638501126407;6.563773720413049;4.280827371340495;1.2842729134199145;0.5704415785069511;620
G;260.0;HG;0.4392925967541945;-7.1449223137463385;-8.594065301518931;0.1876155231148486;0.44525860730411726;623
G;260.0;LG;8.24668959416852;18.325592960071127;16.426934202549496;4.70503724675325;0.5679128055628038;623
G;270.0;HG;0.434417409899924;-7.241855561940541;-8.402479435313296;0.18778323960133347;0.43273425263851417;623
G;270.0;LG;4.637211097934734;13.325137331249874;11.561488913295669;2.5257369307359325;0.5623891798837571;623
G;280.0;HG;0.41262524932181843;-7.688884004929352;-8.47716410777302;0.1844346493506495;0.4226198108358514;621
G;280.0;LG;3.1575000365039574;9.986867284965212;8.897531744582702;2.0136131601731617;0.6672425634313872;621
G;290.0;HG;30.702039442775007;29.743344505846594;27.887497643710212;806.4167224047626;23.6656517807271;620
G;290.0;LG;1.9230473352559412;5.679799488071157;3.5527370533018003;0.9444426450216458;0.4937537543034939;620
G;300.0;HG;0.5093511927630947;-5.85965345007831;-6.101207800798517;0.23147374891774908;0.42798429450063497;622
G;300.0;LG;5.47382616458511;14.765820023118142;12.841000995531013;2.903302626190478;0.526365029889607;622
G;310.0;HG;33.48319298095817;30.4965373184978;27.95380385477635;757.143978536797;22.98130770722829;620
G;310.0;LG;1.9588278701173927;5.839925490261233;4.965534546703127;1.0181695562770572;0.518203138236994;620
G;320.0;HG;59.85256843135747;35.54165583724852;26.841641097019643;426.4175200995674;7.058122372661522;623
G;320.0;LG;2.125806788698759;6.55047579250278;5.608109372426058;1.0903106839826846;0.558888188351614;623
G;330.0;HG;64.81194909441749;36.23310164437608;36.01683785883878;673.801539506494;10.053221470632604;620
G;330.0;LG;1.6479615809698969;4.33894165490078;3.851855814144139;1.031382054112555;0.5914106836603668;620
G;340.0;HG;68.30540873730916;36.689101889666745;33.57486586461384;508.6857497878792;7.653140718521068;621
G;340.0;LG;1.1150663795365423;0.9460144312413645;-0.14541695492085813;0.6072551298701302;0.5456212421218581;621
G;350.0;HG;57.977032233784286;35.26511961276363;32.82949020266352;439.6373112900436;7.610121342575775;620
G;350.0;LG;0.8158956161571347;-1.7673080069510698;-2.8057343688929914;0.520315428571429;0.5969811625478991;620
G;360.0;HG;57.44264253576969;35.18468821114211;34.59367702959497;421.6426810173163;6.886253583823964;623
G;360.0;LG;0.8265668300808935;-1.654440536660228;-2.95470148779859;0.46799343333333365;0.5524271332596922;623
G;370.0;HG;37.25019734961198;31.422571559200566;28.087252583494223;434.4056189458878;11.118619212873622;625
G;370.0;LG;0.9684985501769896;-0.278020501491201;-1.8503123927490674;0.5168801861471866;0.490769305455535;625
G;380.0;HG;45.63664648154325;33.18627447299966;32.95939301951688;279.93349156277077;6.2688792914469085;622
G;380.0;LG;0.6977537194068919;-3.1259567961464594;-4.811469639331266;0.34617237662337685;0.5243925557448521;622
G;390.0;HG;67.12904451500677;36.53820931348441;35.004707356534865;595.772348669048;8.580184127594183;624
G;390.0;LG;1.34325036520911;2.5631393463747227;-0.21649259428799955;0.73309255952381;0.5218605047445921;624
G;400.0;HG;44.96723771224427;33.057924203137595;32.64488904376432;271.49215378354995;6.2837420218306255;622
G;400.0;LG;0.6785940983172339;-3.367798434030359;-4.874880549383801;0.3563726904761907;0.5450427752646904;622
G;410.0;HG;46.85451968838961;33.41502980460523;32.53393798395971;303.79032242207813;6.622670789932541;624
G;410.0;LG;0.7577969291079203;-2.40894317980027;-4.764596692571493;0.3784112813852817;0.5023173570881673;624
G;420.0;HG;37.8733463298091;31.566673585049436;30.035422315774504;189.99787402597414;5.315328203230775;625
G;420.0;LG;0.532902055457882;-5.467052092749999;-7.472054028489541;0.30759142424242447;0.5305744274101661;625
G;430.0;HG;26.867392606180776;28.58451043198096;26.45403210555182;173.07242636363648;6.3533022738421066;622
G;430.0;LG;0.47577874894579525;-6.45189919980809;-6.823252638412499;0.2917359350649353;0.546871192309738;622
G;440.0;HG;28.387004319525737;29.06239127697381;26.76369838964049;170.1347172532469;5.744304135621465;627
G;440.0;LG;0.45538016736803;-6.832517752422955;-7.4410036119605;0.25685440692640715;0.5533851665838698;627
G;450.0;HG;31.565919119914483;29.984368788138745;27.837176472371056;193.26563651515164;6.135426302465609;624
G;450.0;LG;0.5103050712296817;-5.8434023156550445;-7.108996723822466;0.284336982683983;0.541666459831589;624
G;460.0;HG;22.637507769515473;27.09657224756399;26.593162156795323;130.30827401298708;5.653999871778366;625
G;460.0;LG;0.44510722089180954;-7.030707203631516;-8.035824793554525;0.2485306023809526;0.5250980867360824;625
G;470.0;HG;17.7335515390559;24.97591442928012;21.7308887722307;105.98872879004335;5.350119040302327;626
G;470.0;LG;0.4631348062719234;-6.6858515792670286;-7.994699724327434;0.23465741125541142;0.5413342857441633;626
G;480.0;HG;19.705915142284933;25.891932165931223;25.314005609974043;113.22997960238104;5.693458134500146;627
G;480.0;LG;0.48724557810623964;-6.245041870795789;-7.18919892505554;0.25783236428571443;0.48611032393274206;627
G;490.0;HG;9.553474446189703;19.603226925679532;16.72733163823648;48.68206028809528;4.897598453195729;626
G;490.0;LG;0.4265199973440895;-7.401212043383037;-9.435777628206946;0.22250164069264083;0.5085393100457107;626
G;500.0;HG;19.68000470442111;25.880503958231536;23.862901770453785;101.24702340476198;5.081807612523199;624
G;500.0;LG;0.40548912189669195;-7.840415843291244;-8.600569491627478;0.22303023376623396;0.5255451237729899;624
G;510.0;HG;11.277004550000616;21.043875113218157;20.229577510749316;52.32381989177493;5.0770736214037795;625
G;510.0;LG;0.4203309827939351;-7.528171935293763;-7.82894183713892;0.22250183982684002;0.4987230594188496;625
G;520.0;HG;10.800859030206098;20.669165956483507;20.39803426680479;54.70368890909094;5.0732642469250395;627
G;520.0;LG;0.4316207002937958;-7.297954699254849;-7.957581523106954;0.21404556709956726;0.5155271037903394;627
G;530.0;HG;8.853778358002511;18.94257291644073;15.194983872024936;40.57774252380955;4.842885445061004;628
G;530.0;LG;0.39266100095220036;-8.11964461336551;-9.4580742523344;0.18867725541125555;0.47984878786782603;628
G;540.0;HG;8.669393277695875;18.75977409400212;18.538558685589997;43.24665209761908;5.130591337173948;627
G;540.0;LG;0.4557881439147098;-6.824739519900357;-9.063083527950019;0.2249856119047621;0.49235864271497;627
G;550.0;HG;7.053103019015212;16.96760454563751;16.01787030094054;33.442892450216476;4.7518447929937535;627
G;550.0;LG;0.4121251459002967;-7.699417722001833;-8.085641319885568;0.2180094134199136;0.4729063328702737;627
G;560.0;HG;5.736576327891939;15.173055529100592;12.30771101762147;27.96702709956712;4.874170663998055;627
G;560.0;LG;0.3755197585470718;-8.507344139789716;-9.634002608878285;0.2040038961038963;0.4960551926553751;627
G;570.0;HG;7.383593926339285;17.365356077801593;14.73186875068932;35.068396200000024;4.837851058016669;623
G;570.0;LG;0.4482195156306522;-6.970184761187081;-8.965446002860322;0.21087465367965386;0.48251505695202557;623
G;580.0;HG;6.5230769351884;16.28905001512474;13.646818822588124;32.97260001428573;5.054214571610846;626
G;580.0;LG;0.4270347204755365;-7.390736256037456;-8.080966647093174;0.20400385714285726;0.4706585455071544;626
G;590.0;HG;5.394330472177068;14.638750981182614;13.62185327864501;25.12312852380954;4.977471870229605;639
G;590.0;LG;0.3908541784966573;-8.15970481558075;-8.4710632380773;0.1870914242424244;0.4771749520702272;639
H;100.0;HG;5.646115851312193;15.03499570175615;14.24136083512125;25.123877396825417;4.3152644725497655;642
H;100.0;LG;0.5378248853783053;-5.387182133275594;-7.747795593861889;0.23036319642857161;0.4462534301475277;642
H;110.0;HG;0.5348187346525203;-5.435867756933288;-5.924437750612781;0.1918328154761906;0.37098793583263884;644
H;110.0;LG;6.215805525138269;15.869948363345731;15.544178676894385;38.96916456547622;5.848594023988644;644
H;120.0;HG;0.48594832631835777;-6.268198186273741;-9.186465950145537;0.2041966250000001;0.4335250270060946;644
H;120.0;LG;6.033262433616658;15.611044331598258;13.064155889006239;82.19435810846566;14.467846868418581;644
H;130.0;HG;0.4753335272888624;-6.4600310398772045;-7.804393977802962;0.18458344829735132;0.3779357905576157;639
H;130.0;LG;21.176491066680054;26.517079987358674;25.523196485711466;36.514459962962995;1.7044381193447533;639
H;140.0;HG;0.44374924210012395;-7.057247513757389;-8.287305787198818;0.16988041005291019;0.4031229706418756;633
H;140.0;LG;18.869795326906107;25.51534379145195;24.290922177306435;71.14015219576726;3.8136184982689594;633
H;150.0;HG;0.47100101269412753;-6.53956318196566;-7.4944001981984;0.194184442857143;0.40665766779925683;630
H;150.0;LG;9.064601079465504;19.14697392307287;17.566120935985733;55.34012915343919;6.459737035541234;630
H;160.0;HG;0.43258234730400963;-7.278624141992301;-8.169705295247141;0.19186353968253983;0.40551993828650257;629
H;160.0;LG;22.296106984474097;26.964580792123684;26.344566990241248;34.104055147186166;1.5695539998023549;629
H;170.0;HG;0.4066721656524487;-7.815111030257231;-8.209010556376978;0.19243162857142876;0.395440412710042;630
H;170.0;LG;12.615130096891523;22.017834673085762;21.284708480916915;20.44927330687832;1.4883538102961495;630
H;180.0;HG;0.48169551896742513;-6.344547874905936;-8.225044057778376;0.18927386729418005;0.4333985121132905;621
H;180.0;LG;7.349098151954945;17.32468095403672;16.201507098324292;15.744236025974034;2.121420187349324;621
H;190.0;HG;0.40252799779857584;-7.904078138640366;-9.155121338004069;0.175461761904762;0.4284010388389939;621
H;190.0;LG;8.127751373595082;18.19940820310989;17.065577809383438;11.562685287878796;1.4797127848805305;621
H;200.0;HG;0.4340320719862186;-7.249563558505148;-8.63100032056957;0.18636472751322763;0.41645725230816;621
H;200.0;LG;2.45397940120227;7.797418258433122;7.195538339034684;2.8291003333333355;1.1566967065833005;621
H;210.0;HG;0.4423504047800647;-7.084671419679597;-7.771173432671477;0.17505830687830695;0.4175112092876479;627
H;210.0;LG;12.040636362211409;21.612988810352345;19.09328643144557;9.512076577922084;0.7683067969846343;627
H;220.0;HG;0.4547717399840653;-6.844130613648465;-7.504942700430456;0.19105549203666677;0.40614538359057695;628
H;220.0;LG;11.105072586545667;20.910428031815414;20.45289579962941;8.0711009935065;0.7262234158931743;628
H;230.0;HG;47.48497874287943;33.53112495847383;32.44736890250313;885.8788651861479;18.101158576328828;636
H;230.0;LG;2.3389193554490246;7.380304957027254;7.185464220057234;1.4327248227513238;0.5705745524095465;636
H;240.0;HG;0.6397999278118199;-3.8791162650610556;-6.044039920030247;0.2709823203888362;0.4236389671675292;627
H;240.0;LG;7.299456838009126;17.26581089821262;16.90555552043491;4.242622716931219;0.5673944290958265;627
H;250.0;HG;1.7878475235924258;5.046609545505377;-4.157397391070397;6.7474400000000045;3.039655586682344;627
H;250.0;LG;2.8293170853002843;9.033632442807804;7.60185773020988;1.5974137272727282;0.5643144635611173;627
H;260.0;HG;0.47993837662268196;-6.376290436271464;-9.96019185748985;0.1799600079633335;0.3997549061801514;626
H;260.0;LG;8.492633645362119;18.580847798475364;17.9296395136863;4.856278476190479;0.5507160652992851;626
H;270.0;HG;0.5915552707371698;-4.560093434761348;-5.874581108576474;0.2351254074074076;0.3968966559557377;634
H;270.0;LG;5.457241049032174;14.739462744171203;12.747527014642198;3.342809430952383;0.6137054682756844;634
H;280.0;HG;0.42402227391537844;-7.452226585859421;-9.249065272314235;0.1926378809523811;0.40200609773135415;627
H;280.0;LG;3.6613717124672696;11.272876437661045;10.206405892187862;2.317504935064937;0.6221111359405325;627
H;290.0;HG;32.67489077265225;30.2842828894503;17.36802977546312;674.3793705079371;21.463328649603742;622
H;290.0;LG;2.125844626145936;6.550630392143393;6.078873988417612;1.108280121212122;0.48982156221142154;622
H;300.0;HG;0.5806706476149999;-4.721402532235882;-6.204606385522977;0.24442985783753265;0.41134171694611543;628
H;300.0;LG;5.564197146062327;14.908050183158554;14.704626189599374;3.2078052063492084;0.582400327211673;628
H;310.0;HG;17.507982579032557;24.86472211610529;11.93400529346582;382.8250245132278;19.737152236611394;627
H;310.0;LG;2.394676156122316;7.58493579869755;7.1476341012549005;1.1923126948051959;0.5019649257074617;627
H;320.0;HG;39.35552859267623;31.90011499750391;22.711695054435403;189.58409176839842;5.030566798886615;625
H;320.0;LG;2.3424113138626574;7.393263140573597;6.34947212727358;1.2951368359788367;0.5619662645624741;625
H;330.0;HG;32.506452088859135;30.239391421718924;22.95355738056239;251.09019625541143;7.983669467870406;625
H;330.0;LG;2.155024654496226;6.669044861168572;5.912605166663818;1.1415761038961045;0.5369999904531467;625
H;340.0;HG;66.6509815312871;36.47613098812075;34.40621720410314;563.5188672962967;8.478762133764043;626
H;340.0;LG;1.2362531161218429;1.8421479859419774;-0.06776673260096387;0.6743754973544979;0.5236849075563337;626
H;350.0;HG;46.079914334216696;33.270233260641845;30.336510228672708;502.99240489393975;11.264207598783969;625
H;350.0;LG;0.869414148615894;-1.2154659298829156;-1.8488556571186698;0.6024984307359312;0.624358076168599;625
H;360.0;HG;67.74856302950465;36.61800176215393;35.7973776765169;495.8192311818186;7.000830013035278;628
H;360.0;LG;1.0607921628716603;0.5126060501324194;-1.0551091899414253;0.5866431926406931;0.5200437555292616;628
H;370.0;HG;43.47043306799132;32.76387933618484;32.34126793429023;518.687209645022;11.97045034713155;629
H;370.0;LG;1.337847819947952;2.52813430577155;1.9083405568958085;0.6585202294372299;0.44788795371975804;629
H;380.0;HG;55.03102315093379;34.81215174801813;33.188262317884764;318.3627335978838;6.357734163484033;629
H;380.0;LG;0.7856291127911744;-2.095648628396331;-3.4097203336670825;0.4035154220779224;0.48674846412098954;629
H;390.0;HG;67.80780437603329;36.62559364205696;31.977460462866635;654.4406910259745;9.795738146549102;622
H;390.0;LG;1.4785878139695987;3.3969424513031714;1.7782507636873925;0.7615791168831175;0.5270646980571099;622
H;400.0;HG;52.77483166116682;34.44853713376993;34.349889788060416;347.64480748484874;6.466838973550816;632
H;400.0;LG;0.7640295644252542;-2.3377967180587844;-3.3920222929074573;0.43073369264069294;0.5124207106057737;632
H;410.0;HG;60.13272302638439;35.58221741419797;33.966105672969164;394.9321005317463;7.680025728140059;637
H;410.0;LG;0.9839522163230318;-0.14051983403817964;-1.3815409630768278;0.49943956277056306;0.5304540797294163;637
H;420.0;HG;40.67322159141649;32.18617145594219;31.60109817114681;242.7878497056279;5.785233534463177;641
H;420.0;LG;0.5921128729985232;-4.551909938250185;-5.504156402140414;0.3248337559523812;0.5006520144249769;641
H;430.0;HG;27.551311202674043;28.8028454463589;27.609732241766412;218.9867219226192;8.0481627224408;632
H;430.0;LG;0.5419527057230088;-5.320772222727003;-6.6303100429355055;0.31466011904761937;0.5235663115543129;632
H;440.0;HG;32.016593245536676;30.107502370917686;28.76267103668868;162.10431881818192;5.158418677947903;642
H;440.0;LG;0.5537771361771245;-5.133299579143296;-6.5017773990468015;0.2993994632034634;0.5106855441633245;642
H;450.0;HG;31.680022642151947;30.015709666277232;28.358970251800674;189.9183949656086;6.205210444629142;643
H;450.0;LG;0.5072328244726839;-5.895852995819393;-6.638207603145703;0.2803732034632037;0.519118668561674;643
H;460.0;HG;30.161011652931293;29.58891808872741;28.879608847678586;165.15274532034644;5.415638747320283;639
H;460.0;LG;0.6856400568347167;-3.2780763551248975;-6.22553413684283;0.291405529761905;0.49676455690022947;639
H;470.0;HG;18.81714264017896;25.491073540362926;22.754479187567828;71.37915489880957;5.119545980136252;642
H;470.0;LG;0.45552833177372754;-6.8296921345069075;-8.437000783415437;0.25515167724867743;0.492364299564905;642
H;480.0;HG;24.598158735442162;27.81805199494166;26.718948725511964;133.11213045535726;5.426462998504249;638
H;480.0;LG;0.49425160027989007;-6.121038317206363;-6.59884846604165;0.2488939434523811;0.4943491203970171;638
H;490.0;HG;11.993477595382426;21.578902563565716;20.613728926001134;58.71849534848489;5.030047483353227;644
H;490.0;LG;0.4523232137552103;-6.891022463649491;-8.242531218679257;0.2338645043290045;0.5090335331963838;644
H;500.0;HG;21.69707513683255;26.72802385895406;24.142974319186408;95.76519171428578;4.563212310027105;643
H;500.0;LG;0.5088815898258533;-5.867665212507358;-8.272281364729597;0.23908356547619064;0.4927092969000254;643
H;510.0;HG;16.886538246119066;24.550812559568328;22.864401379068205;84.13415296825403;4.909140394768597;632
H;510.0;LG;0.4511506077357812;-6.913569065333788;-7.95670558608757;0.2172165995670997;0.4631674130053527;632
H;520.0;HG;14.235991458835677;23.067754375366643;21.16822553478311;72.25700557738101;4.860844172726658;642
H;520.0;LG;0.46652699061665587;-6.622464507297556;-8.266839824072793;0.2151024458874461;0.4668726074182536;642
H;530.0;HG;9.653146635595277;19.693378067335104;19.278962858710827;44.43247755952384;4.604177278293636;642
H;530.0;LG;0.46585219580556714;-6.635037062254074;-9.021850695627142;0.20823196103896116;0.48100681247975263;642
H;540.0;HG;12.40008825926298;21.868495526429342;18.441508927454112;54.822437833333375;4.9498028965604615;650
H;540.0;LG;0.45426287500167906;-6.853855096009196;-7.4844359251164505;0.22236938690476207;0.4829982316257276;650
H;550.0;HG;11.677031503749571;21.346649038069568;19.03437724492524;52.1863419494048;4.560598772652831;641
H;550.0;LG;0.4264738791664938;-7.402151270292693;-7.538441341942113;0.23386457792207807;0.45308128537070563;641
H;560.0;HG;7.0706640353455485;16.989204042116583;15.450840400748188;34.02979971428574;4.870107276619689;639
H;560.0;LG;0.4439684002896271;-7.052958798979001;-7.19115515526354;0.2100157083333335;0.4543373687163375;639
H;570.0;HG;8.36987530167541;18.454379754374905;15.703239355240965;35.96443054497357;4.724599446053897;640
H;570.0;LG;0.45593059291199733;-6.822025313798007;-8.247833755791145;0.21219565079365094;0.4579168819674886;640
H;580.0;HG;7.571778209880627;17.583957685244346;14.726398925727588;32.400411450216474;4.858405295583358;640
H;580.0;LG;0.4474157408380338;-6.985774815210517;-8.056904612171222;0.206646326839827;0.4509856266052499;640
H;590.0;HG;6.545381120903967;16.31869878973418;14.168165427878456;24.904855045454564;4.601140645857704;617
H;590.0;LG;0.3702207331820423;-8.630785268960079;-9.135469040082345;0.19136374801587316;0.47105324308340135;617
I;100.0;HG;5.922771114338262;15.450498992847283;13.833831377131053;26.977925309523826;4.1571006095235745;644
I;100.0;LG;0.5034723331402803;-5.960487796929888;-6.519015456525623;0.22589919047619067;0.4395854469651776;644
I;110.0;HG;0.5120203225443586;-5.814256022916371;-6.52376574666537;0.19185654761904786;0.3617812958088106;657
I;110.0;LG;4.429071819566131;12.926254452786504;9.190167762081472;28.66212042857145;6.422330958372974;657
I;120.0;HG;0.5297160339954011;-5.519137623774901;-7.168809640593182;0.20154462074571444;0.3884672276473569;653
I;120.0;LG;7.6189772501209445;17.637933535873696;13.966122511444336;78.32522477142864;10.04113004300819;653
I;130.0;HG;0.5032016335116991;-5.965159154754733;-7.981617831347485;0.18341642227014304;0.40380997479390923;627
I;130.0;LG;19.120096680531894;25.629801679005972;23.801077014207298;30.662573309523832;1.4711423294021462;627
I;140.0;HG;0.4245343452498087;-7.441743382883606;-10.692264068844617;0.1703338055149525;0.41010514589716524;633
I;140.0;LG;10.354557571463275;20.30263094266371;18.560616282293545;54.92032407857147;4.924156970735597;633
I;150.0;HG;0.4123164671019569;-7.6953863998398635;-8.647696856934608;0.16248469572530966;0.4268630482584128;633
I;150.0;LG;17.07090764849461;24.645132257389236;22.24485567182464;51.09774880357147;3.3363256600343525;633
I;160.0;HG;0.4367268833008632;-7.195801473692752;-8.345367701443319;0.1722905541125542;0.4179521309998531;624
I;160.0;LG;14.265457115502722;23.08571385082539;20.863152619965973;25.687310351190497;1.7965522138334427;624
I;170.0;HG;0.47927930813083414;-6.388226406960814;-8.946253091670611;0.17652018181818196;0.4173499012321137;625
I;170.0;LG;15.689693259883695;23.912289060595214;22.93670719841877;25.1248463809524;1.5835276841125296;625
I;180.0;HG;0.39491737769996044;-8.069875108345798;-8.534205495738119;0.16014086592168847;0.4134259208479106;627
I;180.0;LG;9.39927463388808;19.46188678549397;18.212422437486737;12.776931132034642;1.2922149273211458;627
I;190.0;HG;0.4031836194024746;-7.889942415557564;-8.443093059262727;0.16829748809523826;0.4091393773581523;626
I;190.0;LG;9.400061992419227;19.462614354710595;16.057042259753164;10.421135719047626;1.2958709056517261;626
I;200.0;HG;14.476482314539993;23.213260882276444;13.186243433246936;221.60900180952393;15.56448835997138;612
I;200.0;LG;1.5002132071501317;3.5230596892311112;2.4900305363669766;2.279452510822512;1.4577700890733105;612
I;210.0;HG;0.4142178134955129;-7.655424562909659;-8.106884964718098;0.18286471861471873;0.41209837355026824;619
I;210.0;LG;13.213362279019067;22.420266849527138;20.656658006789655;10.420580887445896;0.6780539610982843;619
I;220.0;HG;0.4097049348190603;-7.75057610039627;-7.941157298672379;0.18471678216043305;0.4202400547445096;622
I;220.0;LG;12.378624706680013;21.85344792521938;21.14144039519902;9.431214909090917;0.773949073381434;622
I;230.0;HG;39.80597729447682;31.99896581890927;25.550737389539165;516.023563549784;10.622715189931032;621
I;230.0;LG;3.0186746638826127;9.596326193591528;4.692984410883656;1.605605502164503;0.5568307079700126;621
I;240.0;HG;0.49809122645630766;-6.053822160139326;-6.814335311910032;0.2151222881948573;0.4202233081572513;621
I;240.0;LG;9.234076001830804;19.30786889453398;17.20396405241174;6.068850783549788;0.5739301613273663;621
I;250.0;HG;56.11465926476945;34.98152660342944;20.91440828015069;897.0795180432907;14.749526746182212;621
I;250.0;LG;2.01427421320919;6.082371858385142;5.073462901886845;1.1470195666666676;0.5673380461020039;621
I;260.0;HG;0.42911344400178714;-7.34855757863912;-8.761879028624008;0.18893833333333349;0.4343970255397835;624
I;260.0;LG;9.338778025003863;19.405801054115646;16.852298543693315;5.862204259740263;0.6224847119621701;624
I;270.0;HG;0.6381658400320106;-3.9013289317957107;-5.371317981359934;0.2658366595993076;0.4125845840209749;622
I;270.0;LG;6.0053667667137205;15.570790725688752;15.029060568001347;3.2439785367965395;0.5494521272881946;622
I;280.0;HG;0.5084004224048723;-5.875881945679671;-7.319106895163391;0.2335939826839829;0.42273380627065077;620
I;280.0;LG;6.9504826252341205;16.840299240575572;14.907196499330773;3.5801091818181847;0.5274999288304602;620
I;290.0;HG;26.86935319954219;28.58514424399598;26.676572186711102;629.5783628142862;23.803685641692592;619
I;290.0;LG;2.3179519893657603;7.302088727724474;6.835283147290115;1.167737186147187;0.47719238389627877;619
I;300.0;HG;0.4840120706016987;-6.302876150155393;-7.661397825539998;0.2290553445624764;0.42805681435294946;622
I;300.0;LG;5.365528178698425;14.59224960079639;13.90862604070069;3.2191387272727296;0.5982982723883915;622
I;310.0;HG;11.33788438103676;21.090640478511332;-8.51047765564883;25.938362255411278;2.244361972164946;622
I;310.0;LG;2.3113447759400914;7.277294652723906;6.1078782470535415;1.2980141818181827;0.5676598393223025;622
I;320.0;HG;2.214605029607638;6.90592563820358;-6.70050666584171;1.20763477922078;0.6103184320157897;618
I;320.0;LG;2.3518873955011323;7.428330491932469;5.487444557286977;1.4222134848484858;0.5648005134874513;618
I;330.0;HG;11.060583025546308;20.875560402129445;6.801347627510081;24.859168585714308;3.2675766601321268;623
I;330.0;LG;2.039856555933568;6.191992572470486;6.098084714911298;1.234804776190477;0.5463467172478327;623
I;340.0;HG;64.78213261867668;36.229104816452654;34.68971653028162;630.7003554238099;10.26658459134544;623
I;340.0;LG;1.4413451277037403;3.1753596872131666;0.9029203326079783;0.7150705238095243;0.5225361295367181;623
I;350.0;HG;37.89903021220361;31.572561941378762;30.437378819358884;533.8997724718619;12.275793116963138;622
I;350.0;LG;1.275123702849842;2.1110463755418447;0.8815831085904301;0.6115886523809528;0.5020226119928337;622
I;360.0;HG;60.079403606347405;35.57451225763265;33.339435301255634;587.0303676666671;9.325270596144572;622
I;360.0;LG;1.1922053128655006;1.5270210571838683;1.2722280941775266;0.7203556666666672;0.588697080952475;622
I;370.0;HG;30.16738077808557;29.590752101408917;27.64823033032183;291.8051959285716;8.321038564514051;625
I;370.0;LG;0.7246774525267362;-2.7971050205105144;-4.810328261041543;0.39561420952380977;0.4996769537860878;625
I;380.0;HG;44.797722614310985;33.02511872586563;31.249894474914463;391.6234730670999;7.801625151407512;625
I;380.0;LG;0.8308215697173073;-1.609844737500417;-2.863476583009467;0.43152624891774927;0.4932787821089702;625
I;390.0;HG;51.14433648364119;34.175950974029966;33.44277570258656;616.9779802683987;11.183171573462229;625
I;390.0;LG;1.934578615733428;5.73172765799185;3.8941977242178645;0.8627355571428579;0.4691273017917689;625
I;400.0;HG;41.71064379933274;32.40493786373028;29.587852306585866;225.48644783571444;6.05980902586733;624
I;400.0;LG;0.604689888577188;-4.369345869218902;-6.954376239254777;0.3148053595238098;0.5099239317489774;624
I;410.0;HG;41.36581092293014;32.332830850507946;30.050877345066777;300.5130404220781;6.470547398874399;624
I;410.0;LG;0.6092933002369398;-4.303471946656336;-5.007001364770895;0.3316383593073595;0.4818211440041092;624
I;420.0;HG;44.8878744865117;33.04258082684172;32.42281199759958;275.2144393961041;5.797155775520605;624
I;420.0;LG;0.6537634112336028;-3.6915877792426643;-4.765694905538221;0.30336311255411275;0.5020530644818286;624
I;430.0;HG;23.5282814471353;27.431804131890097;24.89685169525648;128.1272822190477;5.848353479276685;623
I;430.0;LG;0.4861923038350714;-6.263838401767047;-8.165343371033895;0.26636766450216465;0.5291538753754785;623
I;440.0;HG;29.4719366664802;29.388173504871116;28.36401228211802;156.0994220800867;5.411775237959141;620
I;440.0;LG;0.5166038092776133;-5.7368479159389665;-7.022135899840574;0.25474054545454566;0.5085847627036479;620
I;450.0;HG;31.29408806675034;29.909246008121052;28.564168372273603;163.79712413419927;5.515170080788826;622
I;450.0;LG;0.5011130965672259;-6.0012849368665835;-6.764159722370538;0.25579746753246774;0.4995833991841755;622
I;460.0;HG;32.107438120636616;30.132113084573472;28.421199323951953;184.36134412987025;5.700205968525188;621
I;460.0;LG;0.5189766884188509;-5.697042990176619;-7.762447606603249;0.24337768831168846;0.503128347779415;621
I;470.0;HG;24.37628680232446;27.739351019840555;26.99541619298973;140.31106813636376;5.755741050823773;618
I;470.0;LG;0.5300805119082876;-5.513163241118352;-7.343205117996796;0.27878759956709975;0.49186665887631287;618
I;480.0;HG;23.05438962225739;27.25507257041056;26.086906293405193;119.59833565584424;5.146566904223766;621
I;480.0;LG;0.4595282734638072;-6.753755251104218;-8.614819741794653;0.2317506320346322;0.4948522683381262;621
I;490.0;HG;14.00680780744293;22.926783391543463;22.08844915379768;74.8646613506494;5.339402520726532;617
I;490.0;LG;0.4505788151079737;-6.924584627654019;-7.084270672247998;0.24284910606060622;0.5075199430327368;617
I;500.0;HG;17.609614533893023;24.91499699142342;22.17406314509141;98.21729047186155;5.349494786828484;620
I;500.0;LG;0.45279142299571873;-6.882036167354634;-9.322692964487857;0.20955313636363654;0.4845054336890617;620
I;510.0;HG;14.821247517405943;23.417695202587336;21.63131424454722;78.80521266883123;5.256980780476625;619
I;510.0;LG;0.4295996253216452;-7.338722121626857;-7.938485243879363;0.21457401731601744;0.47598566270361903;619
I;520.0;HG;15.202122204268582;23.63808438688059;21.70092927358592;75.83077285930742;5.1654201955875285;625
I;520.0;LG;0.4543738753337937;-6.851732935224973;-6.89582289408378;0.21457403030303046;0.469438167868243;625
I;530.0;HG;9.82342946071696;19.84526261898396;19.110030163456827;50.70780280238099;4.864287494204158;623
I;530.0;LG;0.4224858222349436;-7.483757210188368;-9.586923656175543;0.2061178658008659;0.5144893413119098;623
I;540.0;HG;10.328658428943276;20.28087830891281;19.365417711592496;47.88805740259743;5.162241238603228;618
I;540.0;LG;0.4695433444583511;-6.566486219599396;-8.612598950339628;0.22250155411255423;0.47622035163479975;618
I;550.0;HG;8.886662126203941;18.974773369282666;17.181571084024732;48.71834222943726;5.004862352090528;619
I;550.0;LG;0.4029565098786839;-7.894836473649789;-10.458885282795741;0.20823196320346343;0.4759248056445031;619
I;560.0;HG;5.069278181009444;14.098922483227028;12.682290223527012;25.911925941558458;4.991734885905355;623
I;560.0;LG;0.4025986685339467;-7.902553314695719;-8.138118150738553;0.19871881385281395;0.46761058166285335;623
I;570.0;HG;5.648973994070916;15.039391507976694;13.64957328214835;27.978918487013004;5.078197963258666;618
I;570.0;LG;0.42494433403568155;-7.433359140382225;-8.559646059159192;0.20770345021645034;0.49279004226272516;618
I;580.0;HG;6.571098286605868;16.35275926318739;13.9343848209008;31.117988272727295;4.9750998447068415;619
I;580.0;LG;0.40264080467773705;-7.901644293448634;-9.733944464963283;0.20056860389610404;0.47090778671763434;619
I;590.0;HG;4.901517731194694;13.806611560661;13.33825239825094;25.93121656277058;5.0379172103170395;615
I;590.0;LG;0.4004027143184864;-7.950059742258716;-8.345136425901844;0.19959965079365094;0.46643951073132367;615
J;100.0;HG;5.9702881890208035;15.519905905269752;12.856041596679226;22.638732777777793;3.608084795454149;644
J;100.0;LG;0.4894537706758064;-6.205766428126816;-7.401422465483863;0.19443191534391546;0.45922923641620167;644
J;110.0;HG;0.5357256511871449;-5.421151171765336;-7.069887212913596;0.18604078614497366;0.37146233725992744;630
J;110.0;LG;5.8191576906441265;15.297202521935489;14.274321278214329;34.169003354497384;5.896298010827726;630
J;120.0;HG;0.47418909575847906;-6.480968741714646;-7.435065715992319;0.2076691047496827;0.4131139906942416;650
J;120.0;LG;5.930066967239402;15.461191956116021;14.47997772019415;78.75150649404767;14.480153760090758;650
J;130.0;HG;0.4037940957129414;-7.876800712207963;-8.98450795118838;0.17497745714285723;0.4053629201198007;641
J;130.0;LG;25.628496633819708;28.174462624827562;25.782333721030014;36.191923640692664;1.431720540603893;641
J;140.0;HG;0.3772876484309223;-8.466548248277928;-9.158418296270398;0.15870768571428584;0.4011388943152231;610
J;140.0;LG;19.542678855066605;25.819681906417618;25.05248529723643;75.05828016428578;3.7819992918245036;610
J;150.0;HG;0.4266200519203084;-7.399174715486979;-7.905222274440689;0.17968164865597414;0.40194448967717455;625
J;150.0;LG;8.241152951273417;18.319759489642557;17.66195515580073;55.643242892857174;6.623995922044954;625
J;160.0;HG;0.4217116824094847;-7.499687356714898;-9.094062219397813;0.17864063479316028;0.42051217260343265;615
J;160.0;LG;21.668248182879516;26.716476024954407;24.63817777172882;34.592396047619076;1.5570925363121026;615
J;170.0;HG;0.40503457523938274;-7.8501580446077295;-8.886968697879919;0.17176519298298717;0.4189527916864254;614
J;170.0;LG;14.719835387682938;23.358059066034098;21.360342173507906;21.1033011857143;1.594946950748148;614
J;180.0;HG;0.41037732261095694;-7.736332925616725;-8.934917169958176;0.17678161219164515;0.4291795194954468;622
J;180.0;LG;7.667388720853418;17.69294963304479;17.24475223730049;15.544460216450231;2.0213986739919276;622
J;190.0;HG;0.42183590649492614;-7.497129121190248;-8.145265680708357;0.19051932787679665;0.42446989157297876;612
J;190.0;LG;9.577120406672869;19.62469895091624;17.020783162480598;11.910971796536806;1.3466955551984747;612
J;200.0;HG;0.4488675996840009;-6.957634837223661;-9.620130232974978;0.19608277272727284;0.43738250676915613;616
J;200.0;LG;2.3230701730747736;7.321246574987543;6.181658011303144;2.6698873785714303;1.1100716945908848;616
J;210.0;HG;0.35957115658363153;-8.884303059519779;-9.253536024179796;0.16040250649350657;0.4232695261982898;620
J;210.0;LG;10.824530107445998;20.688181054461687;19.24727530724317;9.57074093073594;0.8194484381644725;620
J;220.0;HG;0.4243483867554586;-7.4455488908156795;-9.120993021205454;0.17467654443774905;0.42336235522228627;619
J;220.0;LG;11.259110837708018;21.030081889303883;20.148757038425344;8.300050557142864;0.7243931576778887;619
J;230.0;HG;36.6440911522629;31.280079095584764;24.36718724414961;661.7124769307363;21.539923389425837;618
J;230.0;LG;2.8867755636192536;9.208260407294866;7.731702051676419;1.5651747056277068;0.5318652647504242;618
J;240.0;HG;0.5869604975702809;-4.627822515576655;-5.117557114780046;0.24793441225861923;0.42024649127229763;621
J;240.0;LG;7.593001435871927;17.608269640100666;16.737608929433385;4.460179780952384;0.5800082822745813;621
J;250.0;HG;1.290559180503523;2.2155584910702215;-4.290385672599699;1.3513930273633776;1.0164937934282934;618
J;250.0;LG;2.8367015386095873;9.05627288473185;8.020521082514499;1.676425476190477;0.5739713661345266;618
J;260.0;HG;0.4146893566892957;-7.6455422196752885;-8.89738753928535;0.1749279254806928;0.43469931736412365;619
J;260.0;LG;8.906171303790302;18.99382088434193;17.425588855227424;5.190947014285717;0.6045903869025264;619
J;270.0;HG;0.5225541071164119;-5.637374689773874;-6.750728865573471;0.21879359677852828;0.40774736986045007;619
J;270.0;LG;5.439790045986561;14.711642760033106;14.094821822629847;3.1879566969696995;0.556238658347246;619
J;280.0;HG;0.44741370401066993;-6.985814357176411;-8.869237957887835;0.19503337229437243;0.4177552411572196;617
J;280.0;LG;3.7275862655384007;11.428554057732248;10.54795358028377;2.3207820000000017;0.6377110279826282;617
J;290.0;HG;21.54032275643494;26.66504412806798;20.440334077017567;539.6277711839831;28.260970511409106;616
J;290.0;LG;2.230271507851893;6.967154724499311;6.677154508286035;1.1582239978354987;0.45698943155222904;616
J;300.0;HG;0.5298569363058014;-5.5168275196869265;-6.098540897676238;0.2328066082251084;0.4142066818919821;614
J;300.0;LG;5.672665629246451;15.075743703541903;14.558353478805785;3.359721645021647;0.5709698070566793;614
J;310.0;HG;3.7116109185742023;11.391248872635602;6.956200215527989;43.48612747619051;13.067169834770374;616
J;310.0;LG;2.7753310020380346;8.866295740423682;7.917756734099198;1.2900866060606069;0.44589352339747024;616
J;320.0;HG;20.166131181397084;26.092451759265714;14.329779192457812;140.83809074285725;7.0190417266986085;618
J;320.0;LG;2.3934080794778807;7.580335055059083;7.215343828591476;1.310170000000001;0.5309611171576702;618
J;330.0;HG;26.442094204553612;28.445916962916954;12.509928533557204;309.99553103030325;8.765631144035114;615
J;330.0;LG;2.139841395553882;6.607631695129492;5.319752330617689;1.1378764264069272;0.5331428583824721;615
J;340.0;HG;61.732603820383936;35.81029190933271;35.28158090125355;613.3074941212125;9.934986884837771;619
J;340.0;LG;1.3880645064266917;2.848192984252729;1.8006165203390774;0.746252545454546;0.5333738058514556;619
J;350.0;HG;59.78879590512247;35.532396143824755;32.87985353271345;472.64021904329036;7.960484499626558;621
J;350.0;LG;0.8603877609500925;-1.3061155219361298;-2.9060124235888867;0.5512331255411259;0.5882623248856896;621
J;360.0;HG;64.86817950235698;36.24063419625678;33.61251798889736;470.2109323636367;7.514022603900804;621
J;360.0;LG;0.9460983641100871;-0.4812741690160754;-0.8648975252453277;0.5393417359307363;0.5314926635602895;621
J;370.0;HG;50.20865541822235;34.01557182351744;31.677157717063828;532.76876565368;11.256554504923168;620
J;370.0;LG;1.4188960449969048;3.0390115633000923;2.7173423847846356;0.6500640303030307;0.4516777758494855;620
J;380.0;HG;51.744429006160836;34.27727197837741;31.499815305532994;361.19204490043313;7.013221557611194;621
J;380.0;LG;0.8586838949695298;-1.3233336485460054;-2.383227912942064;0.406950653679654;0.48797638710942065;621
J;390.0;HG;75.85464903552072;37.599644065961655;36.71602261771544;686.3378942063497;9.881621071621957;625
J;390.0;LG;1.4759908359337246;3.381673221342484;1.877851004688298;0.7565584112554118;0.5122444994419435;625
J;400.0;HG;53.01079055372013;34.487285618789315;33.67392720165183;345.9889905541129;6.611725390872996;625
J;400.0;LG;0.7705797235615406;-2.263648457230951;-3.4581015302052704;0.4101217575757579;0.514213606169771;625
J;410.0;HG;53.838470384741484;34.621854251323256;32.43598506258434;428.4503955800868;7.998821724697385;621
J;410.0;LG;0.9054304137573256;-0.8628984295271002;-1.6257853234128667;0.521769047619048;0.5364588474078659;621
J;420.0;HG;42.6221626432424;32.59270963970727;31.619729557811894;249.75516682034652;5.964997366547012;622
J;420.0;LG;0.6690792450105711;-3.4904488364925115;-4.299691907683288;0.32080404329004353;0.4985074271647276;622
J;430.0;HG;25.596321207270787;28.163551029526918;26.978483250803713;210.45270510822527;8.280998480736223;622
J;430.0;LG;0.5467036380709553;-5.244960721221954;-5.584762276716341;0.3308456796536799;0.5762920246582542;622
J;440.0;HG;30.27025529551558;29.620321675138147;29.248680644791577;190.39372685281396;6.122343688822123;622
J;440.0;LG;0.5135684053111835;-5.788034037610834;-7.615966887639601;0.2619019523809526;0.516600528767066;622
J;450.0;HG;31.196473898634704;29.8821101797877;28.738144136213336;192.2984676536798;6.16839565140139;622
J;450.0;LG;0.4975827771139922;-6.062693206770952;-6.599989290455226;0.28254006666666687;0.5229710275019639;622
J;460.0;HG;24.639244314632126;27.83254767778764;27.643080894119766;138.89703645454554;5.4982044358120685;621
J;460.0;LG;0.47280459097532646;-6.50636630135283;-7.9649684512634025;0.2310898404761907;0.48784225393040725;621
J;470.0;HG;15.865684735568838;24.009176404823016;22.16473322042644;89.90254712554119;5.4911416782584315;622
J;470.0;LG;0.4548846345721295;-6.84197465681658;-9.08963869434908;0.21034606926406943;0.5020224296882807;622
J;480.0;HG;23.356105307036806;27.36800849425145;26.55297196762423;138.26071463419922;5.608050170723324;621
J;480.0;LG;0.5090171699663627;-5.865351359320656;-7.097171987961981;0.25500490476190496;0.4787371357774092;621
J;490.0;HG;10.3891049651111;20.33156268269935;19.668508518497212;59.014723779220816;5.353300129571849;623
J;490.0;LG;0.41033134807394167;-7.737306059615078;-8.176060772678426;0.20783546190476204;0.49380862893206134;623
J;500.0;HG;21.673304603811545;26.71850269504602;25.229757123791856;117.54133158571435;5.729200960334702;624
J;500.0;LG;0.4240730739146732;-7.451186034961118;-7.9418970120696395;0.22355865800865826;0.4826669150534928;624
J;510.0;HG;14.788010121381154;23.3981947829206;22.602556051640047;80.1782750389611;5.432049077957731;622
J;510.0;LG;0.391397809995895;-8.147632173936389;-8.638867757977545;0.20799698941798958;0.48024598036824356;622
J;520.0;HG;12.786592685897368;22.135096620835547;20.37128764155989;65.7600376380953;4.9551083342905065;619
J;520.0;LG;0.4343595847479322;-7.243011814678219;-8.097000727586153;0.21452125952380963;0.4972370131028968;619
J;530.0;HG;9.992295179334155;19.99330509831937;17.194001151090156;53.78514291341996;5.264735309226082;621
J;530.0;LG;0.41708897507638976;-7.595425794393288;-8.970550279500545;0.19819019913419933;0.4798684935575455;621
J;540.0;HG;10.248701549721211;20.213376926349365;19.775283066088992;50.76419476623381;5.32048028649744;620
J;540.0;LG;0.4290348683673646;-7.350148211122818;-8.86403178376423;0.21277681904761922;0.4795524284076632;620
J;550.0;HG;8.769516551126362;18.859513041858214;18.117097104857073;46.705257649350685;5.209035464994329;627
J;550.0;LG;0.38573535413921833;-8.274211090767222;-9.58021998485372;0.18577039393939407;0.47188382204450385;627
J;560.0;HG;6.056940899274006;15.64506672093188;14.670915649061095;31.162382770562793;5.029396312465261;619
J;560.0;LG;0.39636344185696865;-8.038128180201612;-9.050914122742928;0.20030434199134212;0.47042931886813294;619
J;570.0;HG;7.089151207534648;17.011884794067228;15.845052493609925;38.914001164502196;5.178521555943982;621
J;570.0;LG;0.4138227788665483;-7.663712145625684;-8.310183559334963;0.18180646753246765;0.4700668739123017;621
J;580.0;HG;6.693473013638088;16.513030335283393;13.035182032857906;31.784964701298723;5.127900206803902;622
J;580.0;LG;0.4216337734196446;-7.50129217686259;-8.033504739068679;0.18180651082251095;0.45894039187601;622
J;590.0;HG;5.264047260234991;14.42639559375603;12.76329246264188;25.470754337301603;5.053717436770605;638
J;590.0;LG;0.39529841239140023;-8.06149859758475;-8.471017998053714;0.1931693874458876;0.467209680899775;638
L;100.0;HG;2.755755219763217;8.804812773947425;7.705912352128102;10.85686351190477;3.4681867106217044;644
L;100.0;LG;0.48013335471250346;-6.372762453646753;-7.323293612212697;0.22127936607142873;0.42437430035404516;644
L;110.0;HG;0.47846480463811314;-6.403000059043568;-7.324155042135666;0.20800520049216947;0.3761020711908242;644
L;110.0;LG;5.919744772681877;15.446059654034915;12.92521661607278;39.14865858095241;6.343218892729582;644
L;120.0;HG;0.5676158303601693;-4.918910018265992;-6.7657643790498065;0.21656093325023829;0.3743320011163959;646
L;120.0;LG;9.239484136213896;19.31295448273574;17.590753222986542;71.86894984523815;8.077864686880453;646
L;130.0;HG;0.3782292134226751;-8.444898608799553;-9.275590803511175;0.18021309956709966;0.43075312492503504;625
L;130.0;LG;10.466039134739885;20.395647086517048;15.272102662870036;17.58502732900434;2.465489761438459;625
L;140.0;HG;0.3924073182394609;-8.125258035965219;-8.44770606837509;0.16700523376623394;0.41946460911672834;617
L;140.0;LG;12.192737926478099;21.722024781517064;20.36939662547458;75.73986949350655;6.538029029256714;617
L;150.0;HG;0.38411865060910727;-8.31069210923619;-9.182230038020478;0.15929019351057155;0.4128996638938529;611
L;150.0;LG;13.445504260553548;22.571541893133826;19.8778264088383;43.77626955238099;3.9368180622655453;611
L;160.0;HG;0.40974105468311556;-7.749810380245953;-8.016834931625688;0.18496962247058457;0.4192074244066643;612
L;160.0;LG;14.359780662051573;23.142956126832914;20.125789536653365;15.56084382683984;1.0037520363613202;612
L;170.0;HG;0.40552161171369233;-7.839719914240537;-9.010890347310417;0.16752912310493517;0.42074947431658527;622
L;170.0;LG;14.143163492122376;23.01093123519746;21.791983620404295;14.886547583333344;1.1558980274285402;622
L;180.0;HG;0.3975054747721169;-8.01313771011518;-8.600684364740687;0.17121065450719064;0.40790074127242204;617
L;180.0;LG;9.049990141933534;19.1329621226539;18.419069631596688;14.095557110389617;1.390397946267674;617
L;190.0;HG;0.4828588491591397;-6.3235961009236;-7.170280983104424;0.20876319913419933;0.398661434908107;608
L;190.0;LG;7.329042705283317;17.300945045445715;16.052746870592188;6.41423033549784;0.8827108576153089;608
L;200.0;HG;28.185229953325816;29.00043164851573;13.332328933885629;399.3714251904765;17.491640785799717;619
L;200.0;LG;1.8741845835842692;5.456247223931819;3.570691827978661;1.6320308571428583;0.8109206585703417;619
L;210.0;HG;0.600429151510298;-4.430764608631317;-8.768109344183953;0.2568623896103898;0.4235442053052868;615
L;210.0;LG;8.980701968190697;19.06620568434118;16.82845071333677;5.423807461038964;0.6988540997901447;615
L;220.0;HG;0.5128093248333725;-5.800881725679538;-7.987919336442481;0.24205885281385295;0.42521007907270564;617
L;220.0;LG;8.093461222270253;18.162685804958084;18.026531212660643;5.058872969696974;0.6235335666139094;617
L;230.0;HG;66.43781090158144;36.44830628382731;-6.582835133820854;775.7336703787884;12.604880157171237;614
L;230.0;LG;2.33081320324041;7.350149391024102;4.33656575529522;1.3550929913419922;0.5700442705763337;614
L;240.0;HG;0.5767067164260586;-4.780899813821592;-5.251060467625339;0.2542091802477058;0.4280463439977895;615
L;240.0;LG;7.93522734595788;17.99118747797509;16.846189424545983;4.341688484848488;0.5709168511452956;615
L;250.0;HG;33.43612864729705;30.48431975067064;28.247016185428176;578.9878041082255;16.38878848106109;614
L;250.0;LG;1.1769336059772626;1.4150392760529114;0.21026744086104393;0.6912875930735936;0.5795022925975316;614
L;260.0;HG;0.4434363252951405;-7.063374666963158;-7.83598509827775;0.18921451082251092;0.4139905549899062;615
L;260.0;LG;4.680495949641671;13.405837475076119;12.71880915111538;2.5442345757575775;0.5481585388791863;615
L;270.0;HG;61.442142067308716;35.7693269633192;-5.5468850319530585;795.9411653766241;9.868514188514217;613
L;270.0;LG;2.0601506750304077;6.277979698074667;5.130849273739746;1.2018258398268407;0.5398834356507514;613
L;280.0;HG;56.337150340352075;35.015897512292234;6.590571234672673;488.6770073852817;10.972451565367905;612
L;280.0;LG;2.00710519161263;6.051402685820889;4.683880771596182;1.2208520346320353;0.5803854238163844;612
L;290.0;HG;27.156322451875674;28.67741913617822;26.30060879035635;485.48268054761934;18.632026296488522;614
L;290.0;LG;1.0990663590192917;0.8204782977120904;0.34928277483299247;0.5599536341991346;0.5018603682867351;614
L;300.0;HG;5.321477383179227;14.520644413904273;-9.52314049201579;9.25388967099568;1.6034060988182453;616
L;300.0;LG;2.6669049942260212;8.520150893337751;6.677728863862936;1.4605302532467543;0.5563107194966745;616
L;310.0;HG;43.05933350981421;32.68134606699504;31.357707000839305;545.4561245216453;12.699660897730624;615
L;310.0;LG;1.2797030339230917;2.142183991523949;-0.2968561621772089;0.6262812878787882;0.5185887868258126;615
L;320.0;HG;62.69681208117683;35.94490918001098;34.3918209991564;510.00120083982716;7.5749425487807125;613
L;320.0;LG;1.0032800592888542;0.02844361008539309;-1.4444397804236515;0.5898141385281389;0.5519709324582226;613
L;330.0;HG;51.696498436118404;34.26922255960734;32.86816789338003;418.17146264935093;8.180006444124453;623
L;330.0;LG;0.9470899367360452;-0.47217555882405016;-2.7381857996912817;0.5361413624338628;0.5320607167889606;623
L;340.0;HG;33.23376521349388;30.431590947638373;28.87274175129282;195.29087703030316;5.936507365576761;616
L;340.0;LG;0.5426773645226954;-5.309165855784855;-6.677751202084873;0.2949071774891777;0.5369712656642153;616
L;350.0;HG;27.188003334869606;28.687546290412293;27.632865309900275;139.54076896753256;5.776041343631732;633
L;350.0;LG;0.47848787542926796;-6.40258124973346;-7.743037134321727;0.2835441731601734;0.5428100750699143;633
L;360.0;HG;33.294618532629315;30.44748086805337;29.248903402821856;175.71179227272742;5.419691466390036;621
L;360.0;LG;0.549380484299016;-5.202535442604193;-6.57514384709007;0.30494873160173186;0.5367687469035094;621
L;370.0;HG;21.52547847039417;26.659056275445284;24.171489531873295;110.02521516883125;5.326398593605187;624
L;370.0;LG;0.4667693010896981;-6.617954295282389;-8.003640294609797;0.2404709523809526;0.5105797135758898;624
L;380.0;HG;26.312040278030178;28.403090505716392;24.673811097439806;136.59434144155856;5.448280126462684;614
L;380.0;LG;0.44015976634576537;-7.127793149900797;-7.407681732582942;0.2594971493506495;0.5182443334799438;614
L;390.0;HG;33.08251796006271;30.391971138858366;29.1491421294046;182.8535089350651;5.603652978329183;620
L;390.0;LG;0.5199683101057021;-5.680462479827404;-7.454175660822385;0.270067233766234;0.5051695334399853;620
L;400.0;HG;16.208755251975678;24.194993291473775;20.568421361607033;81.34733330735936;5.06099672549256;615
L;400.0;LG;0.4610224782006836;-6.725557981555063;-8.321616326818418;0.2246156493506495;0.5251085038756659;615
L;410.0;HG;16.855222458855653;24.534689776138215;16.984901222428938;84.72713824242429;5.113881931066338;616
L;410.0;LG;0.4053336650311377;-7.843746487708244;-8.377893848929048;0.22884384415584433;0.5206561761129496;616
L;420.0;HG;10.737826956643772;20.6183280179117;19.79026144093168;56.42873692207796;5.10229723421653;612
L;420.0;LG;0.41975767084755233;-7.5400271723474805;-8.004184262204362;0.2317505216450218;0.5255431570433848;612
L;430.0;HG;9.346493513256746;19.412974177946346;16.493952307073886;44.61131114718618;5.1081819434720135;615
L;430.0;LG;0.4128972897099966;-7.683159357175659;-8.525207551614116;0.2209161212121214;0.5349081457745574;615
L;440.0;HG;7.530626447709374;17.536622104271835;15.771213314597262;39.91710822510825;5.0778920235762826;626
L;440.0;LG;0.36489912616260134;-8.75654353310247;-9.157547934827404;0.20268261255411268;0.530917738579858;626
L;450.0;HG;5.038395861320875;14.045845731019886;10.925003253690251;26.4221999805195;5.025087411065895;615
L;450.0;LG;0.3888225317099559;-8.204971525441426;-8.846030690865943;0.2016256060606062;0.5270811078557835;615
L;460.0;HG;6.008457131944352;15.575259339870724;13.018741229095463;29.42147942857145;5.133344121140402;615
L;460.0;LG;0.4317323019232153;-7.295709130085632;-10.701214392137004;0.22276579004329022;0.49841753175544684;615
L;470.0;HG;3.102870818219839;9.835273899681145;6.18851802080211;15.383265443722955;4.9468021434326115;627
L;470.0;LG;0.40364507177107667;-7.8800069117070475;-8.61852119918827;0.20426820562770576;0.5106573612675358;627
L;480.0;HG;4.054168112180681;12.158035068090223;10.984496389553204;19.8872055844156;5.027928005357895;616
L;480.0;LG;0.43496046864138327;-7.231004241645347;-8.294366077989787;0.230429142857143;0.5049741240326979;616
L;490.0;HG;2.143635125443303;6.623017294929323;5.089798575946136;11.2841618917749;4.904707025880912;617
L;490.0;LG;0.41196098038618695;-7.70287833979726;-9.321524359612377;0.2174807640692642;0.4972276893655629;617
L;500.0;HG;3.0651530041497512;9.729043164034477;5.040507112743465;14.769404116883127;4.938976098390659;628
L;500.0;LG;0.4269931280285709;-7.391582287943882;-8.254880527881715;0.21713716904761976;0.5297632349587313;628
L;510.0;HG;1.819052320630832;5.19690381342445;2.942673192769311;9.150577385281393;5.098465763953125;618
L;510.0;LG;0.37230271153046945;-8.58207601490521;-9.8592075521686;0.19607624025974038;0.5185185964875962;618
L;520.0;HG;2.228402513282073;6.959872792049668;3.7414858311285744;11.83433811038962;5.028216350435794;617
L;520.0;LG;0.4254816844541381;-7.422382601679623;-7.663043740120936;0.21589526190476208;0.5029146794693999;617
L;530.0;HG;1.3736674087510785;2.757631888402493;2.271080113390526;7.052165421428577;5.060959144089342;621
L;530.0;LG;0.40544191717074923;-7.841427063778915;-9.66834885340608;0.22672970129870143;0.507198057830801;621
L;540.0;HG;1.9558079818767802;5.82652428403295;3.966611825234789;10.022614679653687;5.0068677053491735;619
L;540.0;LG;0.42909622716568957;-7.3489060798115124;-9.039552215760667;0.18920568181818198;0.49024917377285565;619
L;550.0;HG;2.111074746701573;6.4900722123903165;4.28771586076691;10.170068216450224;4.90706709088409;619
L;550.0;LG;0.42344039448161486;-7.464154288464019;-8.275398966900433;0.2103459480519482;0.4974568887324996;619
L;560.0;HG;1.6611494005879974;4.40817387639825;4.036269740810151;9.032456017316024;4.970038954216478;621
L;560.0;LG;0.41126692403465526;-7.7175243406628455;-8.390455877164483;0.20823186580086597;0.48284425168658224;621
L;570.0;HG;1.723881367068904;4.730147510515214;3.2999412470990688;8.933360878787886;4.812403732219114;629
L;570.0;LG;0.41541831739731855;-7.63028715316865;-9.218889308628324;0.20717483766233782;0.4764731917825661;629
L;580.0;HG;1.8986319716719524;5.56881579645776;4.499799545895261;8.808104616883123;4.93091151063344;627
L;580.0;LG;0.37181537782418717;-8.59345304620016;-10.231129235667968;0.18180661904761913;0.4928836975735581;627
L;590.0;HG;1.8211158688797933;5.206751575033333;3.845914396356638;8.829509095238102;4.982498322863017;632
L;590.0;LG;0.3931083284212453;-8.10975510176791;-9.469499424640984;0.20056858730158753;0.4860888032444777;632
O;100.0;HG;6.189663960166558;15.83334143207643;12.683835228808356;25.11249237202383;3.9486025465761343;649
O;100.0;LG;0.49947651663504694;-6.0296985145482696;-6.8968392027084295;0.21001563988095254;0.4224236497176412;649
O;110.0;HG;0.4907477851561206;-6.182833035645041;-6.4755256015453435;0.18821532089947116;0.3683269652757649;500
O;110.0;LG;6.622911434840841;16.42097894929323;14.67772041562874;35.490508399470926;5.692146482088693;500
O;120.0;HG;0.5276687166240859;-5.55277305298444;-7.760517930359131;0.23093281481481498;0.40038605193683896;626
O;120.0;LG;6.217520820296595;15.87234496488622;14.121818776419437;91.4011339880953;15.150472043176746;626
O;130.0;HG;0.3938823616146267;-8.092669336594573;-9.765365757595653;0.16015736027685723;0.40570817815801774;640
O;130.0;LG;29.598866971050924;29.42550173628799;25.302693294810126;38.520791678571456;1.4220705602197055;640
O;140.0;HG;0.44378874113186667;-7.056474399282885;-9.134106253749431;0.18445042857142874;0.39596389431075324;628
O;140.0;LG;18.336448794753995;25.266304600313866;24.04348399666044;69.81054491341996;3.256032809813035;628
O;150.0;HG;0.4734268428542014;-6.494942432449598;-8.218690375231493;0.19132132034632054;0.4092392952527824;630
O;150.0;LG;9.901692267735548;19.91418849747118;18.99428821540549;58.12920971861476;5.528143730469842;630
O;160.0;HG;0.4347419096195264;-7.23536982608128;-7.9533642979246135;0.1725556976643724;0.4021749522991507;629
O;160.0;LG;22.55442691992984;27.064635933774056;24.73047002564917;34.67220072294374;1.6119889489148984;629
O;170.0;HG;0.45210589457723793;-6.895196611551278;-8.782245183906165;0.18893759090909107;0.42804305570657275;627
O;170.0;LG;17.110949830937454;24.665482359010813;21.86527938402707;20.27195902380954;1.1421842186179214;627
O;180.0;HG;0.4573846498202779;-6.794368294813421;-8.714220165506703;0.17281074458874474;0.41455256857157263;629
O;180.0;LG;8.02085244507186;18.084410539043166;17.16168179220392;14.78816598051949;1.8828169395240788;629
O;190.0;HG;0.43805042029369223;-7.1695179727913505;-8.507151319864565;0.18544883003323825;0.4094855320858638;612
O;190.0;LG;8.627955117459265;18.71815754481211;18.069546732457574;12.083529419047627;1.189485896820958;612
O;200.0;HG;0.5823310631372183;-4.6966008562881765;-8.114442882538468;0.2493947809523811;0.4538724893933325;621
O;200.0;LG;2.461075723406982;7.82249952925206;5.436954754756882;2.765943471861474;1.1945642158079786;621
O;210.0;HG;0.4005074583093665;-7.947787840162038;-10.922032321295452;0.17352594047619058;0.4304025408348945;617
O;210.0;LG;11.831122655954232;21.460519136265816;18.529050437286607;9.703396138528143;0.7906974466322576;617
O;220.0;HG;0.4354666647184558;-7.220901698680348;-9.287312158246568;0.16488894372294385;0.42422701857917616;617
O;220.0;LG;11.085907695028807;20.895425163810913;19.034073241098394;7.751618235930742;0.7556753073887288;617
O;230.0;HG;32.464846633270696;30.22826711138229;23.558137696031267;755.7230866818187;24.350635387247443;617
O;230.0;LG;2.563070633769776;8.175211494997868;7.6608194902238225;1.473478670995672;0.5661274501489194;617
O;240.0;HG;0.5921756874222385;-4.550988542619399;-6.190329271016008;0.24893124675324696;0.41847957033521105;628
O;240.0;LG;7.667931992169386;17.693565048240117;16.66028356841327;4.25025651731602;0.5834883436831637;628
O;250.0;HG;0.7980658682949251;-1.959225254276658;-6.994451046759606;0.3511991695157578;0.5573294293864639;619
O;250.0;LG;2.740441269655098;8.756409983022827;5.680014499821466;1.742753114718616;0.5759571095910503;619
O;260.0;HG;0.45202998179236636;-6.896655175668233;-7.822389234122413;0.19449381999393953;0.43878817829498284;620
O;260.0;LG;8.315726830237526;18.39800428834729;17.567512241375276;5.154004300865806;0.6059541825635306;620
O;270.0;HG;0.5063112209708145;-5.911648951702033;-7.665224653725233;0.2293661658915153;0.4162481367317473;618
O;270.0;LG;5.437176623349332;14.707468820417127;13.558496636472949;2.9908235670995693;0.551632764003138;618
O;280.0;HG;0.4828760946767152;-6.32328588606934;-8.051465561890577;0.1871002294372296;0.40531678004280336;620
O;280.0;LG;3.7280853288640095;11.429716879597517;9.823631248610683;2.3123520428571447;0.6028592138819571;620
O;290.0;HG;23.56779859829461;27.446380363882326;10.517518351113647;633.9578964502169;25.0036664023197;618
O;290.0;LG;2.3693380660676353;7.492540638286145;7.1766356230574;1.1499264619047627;0.4636779471224048;618
O;300.0;HG;0.4929651553232484;-6.143675544907668;-7.248819830745752;0.2232337776965716;0.43991909316935385;616
O;300.0;LG;5.277934203194823;14.449279436636552;13.776265593468063;3.0917684112554134;0.5857473648936471;616
O;310.0;HG;12.063664862425414;21.629585273396895;6.336344193501533;364.33189180952405;18.486899187177602;614
O;310.0;LG;2.6067719143861723;8.322060664356659;6.561395064640502;1.2182095324675333;0.44979080122677867;614
O;320.0;HG;5.361370998272238;14.585517214931766;-0.464378755035163;38.107763738095265;6.754397046140514;616
O;320.0;LG;2.4050673543273433;7.622544867445207;6.2821957112622915;1.2903507835497845;0.5328602994831722;616
O;330.0;HG;31.704215233969897;30.02234015359821;24.400569773217093;487.40022376190507;12.93176064165905;616
O;330.0;LG;1.9613351141622453;5.851036073227327;4.976389293241263;1.0908393116883124;0.5305419520081434;616
O;340.0;HG;57.72934026480445;35.2279318875468;32.55032328228096;558.0700119870133;9.705840194190829;617
O;340.0;LG;1.2398764266108786;1.8675680594493247;1.6240811968775;0.6437220822510827;0.5169636632218539;617
O;350.0;HG;60.04365233932818;35.5693420333743;31.990644967240893;497.10668359956753;7.775723539682305;618
O;350.0;LG;0.949317664080313;-0.4517687615213862;-2.0997682302654415;0.5385490238095242;0.6152936624731933;618
O;360.0;HG;54.56941841615797;34.73898650465346;32.95922717937593;415.2506566536799;7.705348809451115;618
O;360.0;LG;0.8299396541483768;-1.6190696903856203;-2.5818167100843015;0.49600432683982715;0.5801012109098205;618
O;370.0;HG;42.27277714711845;32.52121560245226;31.769732197951225;504.06602333333376;11.176399669407411;620
O;370.0;LG;1.220585090320555;1.7313612132625822;1.2263171697076516;0.5916640108225113;0.4742273043516779;620
O;380.0;HG;41.10454975302542;32.27779790870074;30.231965310825103;375.6250383333336;9.325550761402226;617
O;380.0;LG;0.8931027846478892;-0.9819711304792887;-1.8924489613170543;0.4653507164502168;0.5062509431633744;617
O;390.0;HG;65.64311051409202;36.34378304027793;34.22722597453476;586.9286293593078;10.077397868793565;620
O;390.0;LG;1.3720784448259997;2.7475788335541655;1.390454947087925;0.6838886363636368;0.5110035275371296;620
O;400.0;HG;49.042610943068404;33.81147166413161;33.07171082913432;324.64582942142874;6.375786715985888;619
O;400.0;LG;0.7343629702237542;-2.681784605442944;-4.020602314572806;0.40298703679653713;0.5382214685753727;619
O;410.0;HG;53.32671402305783;34.53889646809934;29.591251650875382;387.9339553095241;7.95765543827915;619
O;410.0;LG;0.8287012444363386;-1.632040179770641;-3.1200182154321467;0.4720629000000003;0.5571153605600705;619
O;420.0;HG;38.87537568996147;31.793491981167993;30.943661646561225;234.89035908658025;5.962459033628767;619
O;420.0;LG;0.5703565946317422;-4.877070652927152;-5.6635407048366995;0.3091768051948054;0.5360556460837683;619
O;430.0;HG;27.60414812774073;28.819486984509545;25.456760989663753;216.12887941991357;7.579652756252159;618
O;430.0;LG;0.4834222222720561;-6.313467790677261;-7.499987540760333;0.27788908571428594;0.5544058811830849;618
O;440.0;HG;30.25891164847664;29.617066065573322;24.739893539108735;179.2818315119049;6.310872248677451;619
O;440.0;LG;0.5652473083342262;-4.955229941116041;-7.386857772378084;0.28592260606060627;0.5213730710132638;619
O;450.0;HG;29.763360249208525;29.473639219806934;26.391152249372936;186.2959442532469;6.651992980677948;620
O;450.0;LG;0.529894470016452;-5.51621225526433;-7.829596190331204;0.2943786406926409;0.5620344850291622;620
O;460.0;HG;22.612674284851565;27.08703854321268;25.483972464247714;149.56368885238106;6.485112855119738;621
O;460.0;LG;0.4813036638017473;-6.351616647075086;-8.15314062251108;0.24533319047619068;0.48799089865757367;621
O;470.0;HG;14.094256614115938;22.98084348864854;21.392775330527606;72.61110569264075;5.760234178279947;619
O;470.0;LG;0.4633515409992858;-6.681787765563802;-7.857961149996131;0.2494554956709959;0.5295804285831897;619
O;480.0;HG;25.683310227469885;28.19301995248123;24.362434476616933;140.99203803896114;5.782647825882526;621
O;480.0;LG;0.4739264644577209;-6.485780784988595;-7.333188607963051;0.2425849415584417;0.5039316315732328;621
O;490.0;HG;9.264451709976033;19.33639443882319;19.21576400460789;49.93285238961042;4.983299835144699;620
O;490.0;LG;0.44508656786324013;-7.031110239305644;-7.863918525990182;0.22091601298701322;0.518663696902591;620
O;500.0;HG;19.744282609762248;25.908827173422235;23.63418028440482;101.30747455952387;5.41126143849142;627
O;500.0;LG;0.43265858179436567;-7.277093552420562;-7.731411902558919;0.24681300432900447;0.5084111985628182;627
O;510.0;HG;15.172614149623104;23.621208270905313;21.861449448276606;76.85961839523814;5.13379728698763;619
O;510.0;LG;0.45362984087781805;-6.865967684494315;-7.411047543122128;0.2169522510822512;0.5089975329638431;619
O;520.0;HG;13.717552402753846;22.74553255860289;19.162682553574022;68.81298718831174;4.988016507659415;618
O;520.0;LG;0.44512131330572086;-7.030432206488028;-8.069705568797222;0.221180313852814;0.4914469576855138;618
O;530.0;HG;9.743892586032375;19.77464975546701;17.676371508901013;46.96977545887449;5.111047727199752;621
O;530.0;LG;0.3994600737729779;-7.970532442474527;-8.593720467925301;0.20294689610389627;0.4898628024264999;621
O;540.0;HG;10.356787000193723;20.30450089098275;18.341737964359492;51.5926299588745;5.0756345650645205;618
O;540.0;LG;0.4148367566516047;-7.642455397456783;-7.8908172459887815;0.2077034069264071;0.4766053038279732;618
O;550.0;HG;11.03849622187881;20.858198266735254;19.55407234594914;53.04689737380957;5.1301220689114375;625
O;550.0;LG;0.4382547921175447;-7.16546652789714;-8.333107685654507;0.18894135714285726;0.46479186794157523;625
O;560.0;HG;5.91485327567694;15.438879519078812;15.110518560872466;29.147184257575777;4.820370757894533;616
O;560.0;LG;0.4543396364019726;-6.85238747723282;-7.917913762903558;0.2061177597402599;0.47049285914517625;616
O;570.0;HG;7.503127636276804;17.504846686591538;14.967463398182517;36.94002591774894;4.836263295522613;621
O;570.0;LG;0.3973319070077692;-8.016931166498512;-8.165150665059588;0.21046335377585437;0.48153585668108995;621
O;580.0;HG;5.3288858675650435;14.53272837510343;12.912411726015332;27.169509290043308;5.084581516493398;622
O;580.0;LG;0.4360006583163726;-7.210257099813963;-8.126264606185325;0.2092889350649352;0.49240533637797995;622
O;590.0;HG;5.201529616105212;14.322621511727858;12.122786288788243;25.871495106060628;5.018244993162305;616
O;590.0;LG;0.39793846877049666;-8.003681510251269;-8.472516831639748;0.1899984653679656;0.4894498538400862;616
